row_id,url,label,vf_00,vf_01,vf_02,vf_03,vf_04,vf_05,vf_06,vf_07,vf_08,vf_09,vf_10,vf_11,vf_12,vf_13,vf_14,vf_15,vf_16,vf_17,vf_18,vf_19,vf_20,vf_21,vf_22,vf_23
0,https://swap-lighter.xyz,1,1339.0,616.0,800.0,450.0,1.0355138888888888,9.452906806746238,252.34544166666666,17.605670347597215,0.9638839285714286,37.0,0.014702777777777778,85.0,2.361111111111111,57.694117647058825,243.70454742574287,0.20326197757390418,0.6948012232415902,0.1017329255861366,3.0,0.0,0.013622222222222223,251.92949444444446,19.13279139969946,0.014702777777777778
1,https://	https://dossier062379.connect-reglement.fr/,1,0.0,0.0,0.0,0.0,0.0,0.0,0.0,0.0,0.0,0.0,0.0,0.0,0.0,0.0,0.0,0.0,0.0,0.0,0.0,0.0,0.0,0.0,0.0,0.0
2,https://	https://talaindustries.com,1,0.0,0.0,0.0,0.0,0.0,0.0,0.0,0.0,0.0,0.0,0.0,0.0,0.0,0.0,0.0,0.0,0.0,0.0,0.0,0.0,0.0,0.0,0.0,0.0
3,https://rustblooprint.net/,1,0.0,0.0,0.0,0.0,0.0,0.0,0.0,0.0,0.0,0.0,0.0,0.0,0.0,0.0,0.0,0.0,0.0,0.0,0.0,0.0,0.0,0.0,0.0,0.0
4,https://	https://ytrb.onrender.com/,1,0.0,0.0,0.0,0.0,0.0,0.0,0.0,0.0,0.0,0.0,0.0,0.0,0.0,0.0,0.0,0.0,0.0,0.0,0.0,0.0,0.0,0.0,0.0,0.0
5,https://	https://conviteexclusivocenturion.com/,1,0.0,0.0,0.0,0.0,0.0,0.0,0.0,0.0,0.0,0.0,0.0,0.0,0.0,0.0,0.0,0.0,0.0,0.0,0.0,0.0,0.0,0.0,0.0,0.0
6,https://	https://xmas-mlg.lol/,1,0.0,0.0,0.0,0.0,0.0,0.0,0.0,0.0,0.0,0.0,0.0,0.0,0.0,0.0,0.0,0.0,0.0,0.0,0.0,0.0,0.0,0.0,0.0,0.0
7,https://conviteexclusivocenturion.com/,1,1339.0,616.0,800.0,450.0,1.0355138888888888,9.452906806746238,252.34544166666666,17.605670347597215,0.9638839285714286,37.0,0.014702777777777778,85.0,2.361111111111111,57.694117647058825,243.70454742574287,0.20326197757390418,0.6948012232415902,0.1017329255861366,3.0,0.0,0.013622222222222223,251.92949444444446,19.13279139969946,0.014702777777777778
8,https://xmas-mlg.lol/,1,0.0,0.0,0.0,0.0,0.0,0.0,0.0,0.0,0.0,0.0,0.0,0.0,0.0,0.0,0.0,0.0,0.0,0.0,0.0,0.0,0.0,0.0,0.0,0.0
9,https://xmas-whitewhale.xyz/,1,0.0,0.0,0.0,0.0,0.0,0.0,0.0,0.0,0.0,0.0,0.0,0.0,0.0,0.0,0.0,0.0,0.0,0.0,0.0,0.0,0.0,0.0,0.0,0.0
10,https://pass-lighter.xyz/,1,0.0,0.0,0.0,0.0,0.0,0.0,0.0,0.0,0.0,0.0,0.0,0.0,0.0,0.0,0.0,0.0,0.0,0.0,0.0,0.0,0.0,0.0,0.0,0.0
11,https://esl.cs2beneluxbattle.com/,1,1339.0,616.0,800.0,450.0,109.40536944444445,96.42101007532979,26.04982222222222,35.00029953794929,0.8372321428571429,46.0,0.02083888888888889,19.0,0.5277777777777778,1977.9473684210527,2989.4646145155225,0.266989516257783,0.47661114363259005,0.25637273162684265,7.0,5.0,0.10439166666666666,18.48047222222222,29.371694079680516,0.02083888888888889
12,https://faceit.en-vertex-clubgg.com/,1,1339.0,616.0,800.0,450.0,63.71181111111111,100.59883853122257,43.185341666666666,42.45748816456733,0.7117410714285715,82.0,0.011808333333333334,37.0,1.0277777777777777,766.918918918919,1300.309347359798,0.3598689079183846,0.26535574585051275,0.3747401064242168,21.0,2.0,0.07882222222222222,33.05759722222222,31.962721372874242,0.011808333333333334
13,https://en-vertex-clubgg.com/,1,1339.0,616.0,800.0,450.0,62.56386388888889,100.06024559824685,42.572738888888885,42.06235388812185,0.715,82.0,0.011869444444444445,37.0,1.0277777777777777,767.7297297297297,1300.6006231768592,0.3589608195163164,0.2643714577392896,0.3766325201534833,20.0,2.0,0.07890555555555556,32.7457,31.9321210340344,0.011869444444444445
14,https://allegrolokalnie.pl-oferta02392392.sbs/...,1,1339.0,616.0,800.0,450.0,0.9629361111111111,10.924366808059366,253.92225277777777,13.002739340978753,0.9837053571428571,28.0,0.006966666666666667,28.0,0.7777777777777778,37.964285714285715,35.80052088892517,0.9990601503759399,0.0,0.0,1.0,0.0,0.0029527777777777777,253.65334444444446,14.791643734563344,0.006966666666666667
15,https://allegrolokalnie.pl-oferta67793456.icu/...,1,0.0,0.0,0.0,0.0,0.0,0.0,0.0,0.0,0.0,0.0,0.0,0.0,0.0,0.0,0.0,0.0,0.0,0.0,0.0,0.0,0.0,0.0,0.0,0.0
16,https://login.cs-finals.com/71657,1,0.0,0.0,0.0,0.0,0.0,0.0,0.0,0.0,0.0,0.0,0.0,0.0,0.0,0.0,0.0,0.0,0.0,0.0,0.0,0.0,0.0,0.0,0.0,0.0
17,http://app1.ftrans01.com/CNRVTSH?id=10401=IEUEAAIHDAUCRV1UDgBSAABRB1YH...,1,1339.0,616.0,800.0,450.0,0.989425,12.55615660641944,254.26454166666667,8.938254144464777,0.9845982142857143,29.0,0.006466666666666667,23.0,0.6388888888888888,62.391304347826086,184.34625717133852,0.10654596100278552,0.8927576601671309,0.0,1.0,0.0,0.003986111111111111,253.76811666666666,12.613267798796887,0.006466666666666667
18,http://allegro.51510x988.cyou/,1,0.0,0.0,0.0,0.0,0.0,0.0,0.0,0.0,0.0,0.0,0.0,0.0,0.0,0.0,0.0,0.0,0.0,0.0,0.0,0.0,0.0,0.0,0.0,0.0
19,http://allegro.10-91kkkaa.cyou/,1,0.0,0.0,0.0,0.0,0.0,0.0,0.0,0.0,0.0,0.0,0.0,0.0,0.0,0.0,0.0,0.0,0.0,0.0,0.0,0.0,0.0,0.0,0.0,0.0
20,https://v7producoes.com/antai/redirect.php,1,1339.0,616.0,800.0,450.0,1.1434861111111112,13.128313256398956,254.0438888888889,10.682736144977548,0.9815625,32.0,0.0078,37.0,1.0277777777777777,48.0,146.83489532970862,0.08610016882386044,0.9133370849746765,0.0,1.0,0.0,0.004933333333333333,253.5043611111111,14.204436039594531,0.0078
21,https://www.v7producoes.com/antai/redirect.php...,1,1339.0,616.0,800.0,450.0,1.198986111111111,13.336561758098858,253.977075,11.11718162225268,0.9803571428571428,33.0,0.008097222222222223,39.0,1.0833333333333333,45.43589743589744,143.38146983087205,0.08629441624365482,0.913141567963903,0.0,1.0,0.0,0.004922222222222222,253.42121944444443,14.66427098849672,0.008097222222222223
22,http://allegro.433493asai.cyou/,1,0.0,0.0,0.0,0.0,0.0,0.0,0.0,0.0,0.0,0.0,0.0,0.0,0.0,0.0,0.0,0.0,0.0,0.0,0.0,0.0,0.0,0.0,0.0,0.0
23,http://08e32ec6.m2desarrollos.com.ar/?e5f35&id=goethalsyves.be...,1,0.0,0.0,0.0,0.0,0.0,0.0,0.0,0.0,0.0,0.0,0.0,0.0,0.0,0.0,0.0,0.0,0.0,0.0,0.0,0.0,0.0,0.0,0.0,0.0
24,http://74630257.ite-production.com/?id=goethalsyves.be...,1,0.0,0.0,0.0,0.0,0.0,0.0,0.0,0.0,0.0,0.0,0.0,0.0,0.0,0.0,0.0,0.0,0.0,0.0,0.0,0.0,0.0,0.0,0.0,0.0
25,https://migratenetxclaim.world/,1,0.0,0.0,0.0,0.0,0.0,0.0,0.0,0.0,0.0,0.0,0.0,0.0,0.0,0.0,0.0,0.0,0.0,0.0,0.0,0.0,0.0,0.0,0.0,0.0
26,http://migratenetxclaim.world,1,0.0,0.0,0.0,0.0,0.0,0.0,0.0,0.0,0.0,0.0,0.0,0.0,0.0,0.0,0.0,0.0,0.0,0.0,0.0,0.0,0.0,0.0,0.0,0.0
27,https://subbdtoken.wiki/,1,1339.0,616.0,800.0,450.0,77.55921944444444,90.04293515226598,49.50190277777778,55.239864799310496,0.5333035714285714,46.0,0.024819444444444446,142.0,3.9444444444444446,470.2323943661972,1017.4045594266591,0.17800341450265073,0.4830622697457094,0.33891933986282086,44.0,5.0,0.18548055555555557,34.10039722222222,39.400026873340984,0.024819444444444446
28,http://subbdtoken.wiki,1,1339.0,616.0,800.0,450.0,77.55921944444444,90.04293515226598,49.50190277777778,55.239864799310496,0.5333035714285714,46.0,0.024819444444444446,142.0,3.9444444444444446,470.2323943661972,1017.4045594266591,0.17800341450265073,0.4830622697457094,0.33891933986282086,44.0,5.0,0.18548055555555557,34.10039722222222,39.400026873340984,0.024819444444444446
29,https://chainsupports.firebaseapp.com/,1,1339.0,616.0,800.0,450.0,22.18324722222222,50.91762340519563,21.457769444444445,48.98480529627031,0.7400446428571429,72.0,0.041294444444444446,73.0,2.0277777777777777,855.5342465753424,3119.59676039345,0.06193259146585542,0.45733728284364744,0.4807141141621968,17.0,5.0,0.17348333333333332,18.232416666666666,44.212203119899804,0.041294444444444446
30,http://chainsupports.firebaseapp.com,1,1339.0,616.0,800.0,450.0,22.18324722222222,50.91762340519563,21.457769444444445,48.98480529627031,0.7400446428571429,72.0,0.041294444444444446,73.0,2.0277777777777777,855.5342465753424,3119.59676039345,0.06193259146585542,0.45733728284364744,0.4807141141621968,17.0,5.0,0.17348333333333332,18.232416666666666,44.212203119899804,0.041294444444444446
31,https://app-firelight.xyz/,1,0.0,0.0,0.0,0.0,0.0,0.0,0.0,0.0,0.0,0.0,0.0,0.0,0.0,0.0,0.0,0.0,0.0,0.0,0.0,0.0,0.0,0.0,0.0,0.0
32,http://app-firelight.xyz,1,0.0,0.0,0.0,0.0,0.0,0.0,0.0,0.0,0.0,0.0,0.0,0.0,0.0,0.0,0.0,0.0,0.0,0.0,0.0,0.0,0.0,0.0,0.0,0.0
33,http://lihgter-dex.xyz,1,0.0,0.0,0.0,0.0,0.0,0.0,0.0,0.0,0.0,0.0,0.0,0.0,0.0,0.0,0.0,0.0,0.0,0.0,0.0,0.0,0.0,0.0,0.0,0.0
34,https://smartprotocolfix.web.app/,1,1339.0,616.0,800.0,450.0,1.895936111111111,15.298446767067796,253.09002777777778,14.275158317834116,0.9615178571428571,39.0,0.017875,90.0,2.5,30.877777777777776,65.60196944499249,0.2014388489208633,0.2658273381294964,0.5323741007194245,6.0,0.0,0.007719444444444445,252.34855277777777,17.52554460605664,0.017875
35,http://smartprotocolfix.web.app,1,1339.0,616.0,800.0,450.0,1.895936111111111,15.298446767067796,253.09002777777778,14.275158317834116,0.9615178571428571,39.0,0.017875,90.0,2.5,30.877777777777776,65.60196944499249,0.2014388489208633,0.2658273381294964,0.5323741007194245,6.0,0.0,0.007719444444444445,252.34855277777777,17.52554460605664,0.017875
36,http://bc-game-wallet.ws,1,1339.0,616.0,800.0,450.0,163.6312638888889,29.931910281918313,65.79066388888889,43.81384006418933,0.7521428571428571,72.0,0.034597222222222224,64.0,1.7777777777777777,919.359375,3285.6902355478687,0.2533480625424881,0.5152447314751869,0.23139021074099253,20.0,3.0,0.16344166666666668,38.829925,41.19732231785267,0.034597222222222224
37,http://openfix.live,1,1339.0,616.0,800.0,450.0,167.85056111111112,76.04378370544636,71.4791,85.10338984546974,0.49214285714285716,145.0,0.02868611111111111,80.0,2.2222222222222223,651.3875,2442.3972828644705,0.3508404973902364,0.4802732575990175,0.16886705557261283,9.0,5.0,0.14475277777777779,56.219455555555555,80.98952878361787,0.02868611111111111
38,http://dappswiftfix.pages.dev,1,1339.0,616.0,800.0,450.0,1.0621916666666666,8.971030008801637,253.11140555555556,15.31107079214877,0.9707589285714285,30.0,0.013305555555555555,93.0,2.5833333333333335,32.89247311827957,134.82122470708418,0.09836601307189542,0.6830065359477124,0.21830065359477124,1.0,0.0,0.008497222222222222,252.682725,17.17614319070809,0.013305555555555555
39,http://claim-espressofoundation.org,1,1339.0,616.0,800.0,450.0,222.21512777777778,49.337881074567015,48.38016944444445,40.781102330670535,0.9260714285714285,23.0,0.019316666666666666,33.0,0.9166666666666666,1417.3939393939395,4841.160422744854,0.24733297701763762,0.46142169962586854,0.29122394441475147,10.0,1.0,0.12992777777777778,27.253308333333333,44.529718589567146,0.019316666666666666
40,https://claim-812.pages.dev/,1,1339.0,616.0,800.0,450.0,39.03143611111111,1.6767455560719686,33.09470555555556,3.7688368043398945,0.9984821428571429,10.0,0.0004388888888888889,1.0,0.027777777777777776,909.0,0.0,0.9989010989010989,0.0,0.0,1.0,0.0,0.002525,30.078669444444444,3.2667104600227317,0.0004388888888888889
41,http://claim-812.pages.dev,1,1339.0,616.0,800.0,450.0,39.03143611111111,1.6767455560719686,33.09470555555556,3.7688368043398945,0.9984821428571429,10.0,0.0004388888888888889,1.0,0.027777777777777776,909.0,0.0,0.9989010989010989,0.0,0.0,1.0,0.0,0.002525,30.078669444444444,3.2667104600227317,0.0004388888888888889
42,https://ligther.live/,1,0.0,0.0,0.0,0.0,0.0,0.0,0.0,0.0,0.0,0.0,0.0,0.0,0.0,0.0,0.0,0.0,0.0,0.0,0.0,0.0,0.0,0.0,0.0,0.0
43,http://ligther.live,1,0.0,0.0,0.0,0.0,0.0,0.0,0.0,0.0,0.0,0.0,0.0,0.0,0.0,0.0,0.0,0.0,0.0,0.0,0.0,0.0,0.0,0.0,0.0,0.0
44,https://airdrop-lighter.xyz/,1,0.0,0.0,0.0,0.0,0.0,0.0,0.0,0.0,0.0,0.0,0.0,0.0,0.0,0.0,0.0,0.0,0.0,0.0,0.0,0.0,0.0,0.0,0.0,0.0
45,http://allocations-gensyn.network,1,1339.0,616.0,800.0,450.0,1.0355138888888888,9.452906806746238,252.34544166666666,17.605670347597215,0.9638839285714286,37.0,0.014702777777777778,85.0,2.361111111111111,57.694117647058825,243.70454742574287,0.20326197757390418,0.6948012232415902,0.1017329255861366,3.0,0.0,0.013622222222222223,251.92949444444446,19.13279139969946,0.014702777777777778
46,http://airdrop-lighter.xyz,1,0.0,0.0,0.0,0.0,0.0,0.0,0.0,0.0,0.0,0.0,0.0,0.0,0.0,0.0,0.0,0.0,0.0,0.0,0.0,0.0,0.0,0.0,0.0,0.0
47,https://eligible-jup.guru/,1,0.0,0.0,0.0,0.0,0.0,0.0,0.0,0.0,0.0,0.0,0.0,0.0,0.0,0.0,0.0,0.0,0.0,0.0,0.0,0.0,0.0,0.0,0.0,0.0
48,https://okx-listing.xyz/,1,0.0,0.0,0.0,0.0,0.0,0.0,0.0,0.0,0.0,0.0,0.0,0.0,0.0,0.0,0.0,0.0,0.0,0.0,0.0,0.0,0.0,0.0,0.0,0.0
49,https://pumpfun-treasure.com/,1,1339.0,616.0,800.0,450.0,1.0355138888888888,9.452906806746238,252.34544166666666,17.605670347597215,0.9638839285714286,37.0,0.014702777777777778,85.0,2.361111111111111,57.694117647058825,243.70454742574287,0.20326197757390418,0.6948012232415902,0.1017329255861366,3.0,0.0,0.013622222222222223,251.92949444444446,19.13279139969946,0.014702777777777778
50,https://culinae.store,1,1339.0,616.0,800.0,450.0,2.080311111111111,20.4244374358237,252.63539444444444,16.432216713584058,0.9682142857142857,35.0,0.010763888888888889,35.0,0.9722222222222222,141.11428571428573,458.3716378304257,0.25182186234817816,0.1917004048582996,0.5562753036437247,3.0,0.0,0.013719444444444444,252.18132777777777,19.138150474127315,0.010763888888888889
51,http://allegro.63738.vu/,1,1339.0,616.0,800.0,450.0,0.9629361111111111,10.924366808059366,253.92225277777777,13.002739340978753,0.9837053571428571,28.0,0.006966666666666667,28.0,0.7777777777777778,37.964285714285715,35.80052088892517,0.9990601503759399,0.0,0.0,1.0,0.0,0.0029527777777777777,253.65334444444446,14.791643734563344,0.006966666666666667
52,http://allegro.5198s517uj1s0.cyou/,1,0.0,0.0,0.0,0.0,0.0,0.0,0.0,0.0,0.0,0.0,0.0,0.0,0.0,0.0,0.0,0.0,0.0,0.0,0.0,0.0,0.0,0.0,0.0,0.0
53,https://ipko-weryfikacja-36199293-pl.stackstaging.com/pl/login.php...,1,1339.0,616.0,800.0,450.0,4.470219444444444,23.992867500494576,250.0232,22.574639300280694,0.9207589285714286,72.0,0.03530833333333333,198.0,5.5,43.494949494949495,172.12503522808697,0.3174271450133519,0.33995123650296066,0.34250551491930803,6.0,0.0,0.023922222222222223,248.3598,28.25177191225751,0.03530833333333333
54,https://form-laporan-data.cesid.my.id/form.info/...,1,0.0,0.0,0.0,0.0,0.0,0.0,0.0,0.0,0.0,0.0,0.0,0.0,0.0,0.0,0.0,0.0,0.0,0.0,0.0,0.0,0.0,0.0,0.0,0.0
55,https://admin-aruba.accountid9282990.org/dede.html...,1,1339.0,616.0,800.0,450.0,0.0,0.0,190.99943888888887,0.12905518474620273,1.0,1.0,1.9444444444444445e-05,0.0,0.0,0.0,0.0,0.0,0.0,0.0,0.0,0.0,0.0,190.99943888888887,0.12905518474620273,1.9444444444444445e-05
56,https://share.google/zf6XcLvJQLJrWA6Jq,1,1339.0,616.0,800.0,450.0,0.0,0.0,245.99943611111112,0.12280161882026043,1.0,1.0,2.2222222222222223e-05,0.0,0.0,0.0,0.0,0.0,0.0,0.0,0.0,0.0,0.0,245.99943611111112,0.12280161882026043,2.2222222222222223e-05
57,https://www.google.com/share.google?q=zf6XcLvJQLJrWA6Jq...,1,1339.0,616.0,800.0,450.0,0.5876194444444445,9.239211759888738,253.08559444444444,5.599622133280481,0.9895535714285715,31.0,0.0050305555555555555,43.0,1.1944444444444444,28.767441860465116,46.36199185544943,0.5936995153473344,0.40549273021001614,0.0,1.0,0.0,0.003436111111111111,252.79739722222223,8.099198822036733,0.0050305555555555555
58,https://disneyplus-help.ddnsking.com/lang.php,1,0.0,0.0,0.0,0.0,0.0,0.0,0.0,0.0,0.0,0.0,0.0,0.0,0.0,0.0,0.0,0.0,0.0,0.0,0.0,0.0,0.0,0.0,0.0,0.0
59,http://disneyplus-help.ddnsking.com,1,0.0,0.0,0.0,0.0,0.0,0.0,0.0,0.0,0.0,0.0,0.0,0.0,0.0,0.0,0.0,0.0,0.0,0.0,0.0,0.0,0.0,0.0,0.0,0.0
60,https://ledger-updatesetup.com/,1,1339.0,616.0,800.0,450.0,3.8151083333333333,30.751748388676795,11.076452777777778,47.75762629006658,0.9213392857142857,24.0,0.024177777777777777,36.0,1.0,1088.75,3180.0987351460926,0.22775283192162465,0.6078426370037759,0.1643790182671701,5.0,3.0,0.108875,9.421866666666666,40.85202239878842,0.024177777777777777
61,http://ledger-updatesetup.com,1,1339.0,616.0,800.0,450.0,3.8151083333333333,30.751748388676795,11.076452777777778,47.75762629006658,0.9213392857142857,24.0,0.024177777777777777,36.0,1.0,1088.75,3180.0987351460926,0.22775283192162465,0.6078426370037759,0.1643790182671701,5.0,3.0,0.108875,9.421866666666666,40.85202239878842,0.024177777777777777
62,https://revokecash.live/,1,0.0,0.0,0.0,0.0,0.0,0.0,0.0,0.0,0.0,0.0,0.0,0.0,0.0,0.0,0.0,0.0,0.0,0.0,0.0,0.0,0.0,0.0,0.0,0.0
63,http://revokecash.live,1,0.0,0.0,0.0,0.0,0.0,0.0,0.0,0.0,0.0,0.0,0.0,0.0,0.0,0.0,0.0,0.0,0.0,0.0,0.0,0.0,0.0,0.0,0.0,0.0
64,https://bill.remote-otp.com/,1,1339.0,616.0,800.0,450.0,0.9898277777777778,12.553396922891936,254.25874166666668,8.967064425808323,0.9844642857142857,30.0,0.006583333333333333,28.0,0.7777777777777778,54.285714285714285,168.07839521715903,0.10059171597633136,0.8987508218277449,0.0,1.0,0.0,0.004222222222222222,253.7620222222222,12.631533729324468,0.006583333333333333
65,http://bill.remote-otp.com,1,1339.0,616.0,800.0,450.0,0.9898277777777778,12.553396922891936,254.25874166666668,8.967064425808323,0.9844642857142857,30.0,0.006583333333333333,28.0,0.7777777777777778,54.285714285714285,168.07839521715903,0.10059171597633136,0.8987508218277449,0.0,1.0,0.0,0.004222222222222222,253.7620222222222,12.631533729324468,0.006583333333333333
66,https://facebmall.shop/,1,1339.0,616.0,800.0,450.0,1.3234416666666666,8.435006714048404,248.2592111111111,15.44769413356961,0.9809375,53.0,0.008394444444444444,43.0,1.1944444444444444,65.34883720930233,90.24124868243013,0.295980078263963,0.0,0.7036641764496621,7.0,0.0,0.007805555555555555,247.26948611111112,16.73892393369838,0.008394444444444444
67,http://facebmall.shop,1,1339.0,616.0,800.0,450.0,1.8530694444444444,16.466603669604854,249.77479166666666,24.298139974216078,0.9513839285714286,89.0,0.019230555555555556,78.0,2.1666666666666665,86.71794871794872,182.38778759132668,0.1229859571322986,0.5952697708795269,0.28159645232815966,14.0,0.0,0.01878888888888889,249.17491666666666,26.64035063465757,0.019230555555555556
68,https://pay.thecouriierguy.live/,1,1339.0,616.0,800.0,450.0,8.688336111111111,27.2438477572527,248.15669166666666,16.23296476136813,0.8716517857142857,41.0,0.025933333333333333,151.0,4.194444444444445,48.788079470198674,258.16570502030174,0.7326275787187839,0.1746742671009772,0.09256243213897937,3.0,0.0,0.02046388888888889,243.55998055555557,24.664010039363916,0.025933333333333333
69,http://pay.thecouriierguy.live,1,1339.0,616.0,800.0,450.0,8.688336111111111,27.2438477572527,248.15669166666666,16.23296476136813,0.8716517857142857,41.0,0.025933333333333333,151.0,4.194444444444445,48.788079470198674,258.16570502030174,0.7326275787187839,0.1746742671009772,0.09256243213897937,3.0,0.0,0.02046388888888889,243.55998055555557,24.664010039363916,0.025933333333333333
70,https://bancoprovinciapersonas.rafaelaveronezi.com.br/...,1,1339.0,616.0,800.0,450.0,1.1564,11.644530434500142,253.70438611111112,13.977147566487313,0.9801339285714286,32.0,0.008927777777777778,37.0,1.0277777777777777,33.567567567567565,32.597911175444835,0.999195494770716,0.0,0.0,0.0,0.0,0.00345,253.3715611111111,16.022402306584446,0.008927777777777778
71,http://bancoprovinciapersonas.rafaelaveronezi.com.br...,1,0.0,0.0,0.0,0.0,0.0,0.0,0.0,0.0,0.0,0.0,0.0,0.0,0.0,0.0,0.0,0.0,0.0,0.0,0.0,0.0,0.0,0.0,0.0,0.0
72,https://apple.com-ubicacion-i.cloud/,1,1339.0,616.0,800.0,450.0,0.0,0.0,255.0,0.0,1.0,1.0,0.0,0.0,0.0,0.0,0.0,0.0,0.0,0.0,0.0,0.0,0.0,255.0,0.0,0.0
73,http://apple.com-ubicacion-i.cloud,1,1339.0,616.0,800.0,450.0,0.0,0.0,255.0,0.0,1.0,1.0,0.0,0.0,0.0,0.0,0.0,0.0,0.0,0.0,0.0,0.0,0.0,255.0,0.0,0.0
74,https://reglement-connect.com/,1,1339.0,616.0,800.0,450.0,208.62430833333335,45.381712331124426,28.45538888888889,39.42874774498494,0.8627678571428572,26.0,0.014016666666666667,15.0,0.4166666666666667,1243.7333333333333,3128.3176408769973,0.11711421986385807,0.6100659269979096,0.2727662539529399,4.0,2.0,0.05182222222222222,15.525522222222222,40.64662175048848,0.014016666666666667
75,https://reglement-connect.com/as.php,1,1339.0,616.0,800.0,450.0,34.25714722222222,39.08290845931808,157.87321111111112,79.27232887065735,0.3873214285714286,29.0,0.057805555555555554,363.0,10.083333333333334,94.0909090909091,1030.6877588282239,0.30050357184682047,0.29136901276496074,0.40809813795526406,3.0,1.0,0.094875,150.13289722222223,84.61985528097273,0.057805555555555554
76,https://adrianairbnb.netlify.app/,1,1339.0,616.0,800.0,450.0,45.59205,50.45255482043116,136.12061944444446,89.27356836871122,0.2430357142857143,86.0,0.08829722222222222,524.0,14.555555555555555,125.25954198473282,481.097954473165,0.32129743894449775,0.2500266617913677,0.4286606639547816,77.0,6.0,0.18232222222222222,130.2002388888889,90.32955179015114,0.08829722222222222
77,http://adrianairbnb.netlify.app,1,1339.0,616.0,800.0,450.0,45.59205,50.45255482043116,136.12061944444446,89.27356836871122,0.2430357142857143,86.0,0.08829722222222222,524.0,14.555555555555555,125.25954198473282,481.097954473165,0.32129743894449775,0.2500266617913677,0.4286606639547816,77.0,6.0,0.18232222222222222,130.2002388888889,90.32955179015114,0.08829722222222222
78,https://apple.com-l.cloud/,1,1339.0,616.0,800.0,450.0,0.0,0.0,255.0,0.0,1.0,1.0,0.0,0.0,0.0,0.0,0.0,0.0,0.0,0.0,0.0,0.0,0.0,255.0,0.0,0.0
79,http://apple.com-l.cloud,1,1339.0,616.0,800.0,450.0,0.0,0.0,255.0,0.0,1.0,1.0,0.0,0.0,0.0,0.0,0.0,0.0,0.0,0.0,0.0,0.0,0.0,255.0,0.0,0.0
80,http://store.itemsdetail.com,1,1339.0,616.0,800.0,450.0,0.07526666666666666,2.6284472467388262,254.92069166666667,3.1306125899356965,0.9986160714285715,9.0,0.000675,3.0,0.08333333333333333,13.666666666666666,4.642796092394707,0.9761904761904762,0.0,0.0,0.0,0.0,0.00011388888888888889,254.89547777777778,3.767006267073743,0.000675
81,http://dealshakershopee.com,1,0.0,0.0,0.0,0.0,0.0,0.0,0.0,0.0,0.0,0.0,0.0,0.0,0.0,0.0,0.0,0.0,0.0,0.0,0.0,0.0,0.0,0.0,0.0,0.0
82,https://bio.now/,1,1339.0,616.0,800.0,450.0,62.283275,101.37589987131467,20.754625,62.16659079082445,0.8780357142857143,72.0,0.02845,49.0,1.3611111111111112,1301.5102040816328,3800.122619517068,0.18693845550764407,0.43811838494707955,0.37492747941983534,10.0,5.0,0.17715,16.860669444444444,55.441560782469764,0.02845
83,http://bio.now,1,1339.0,616.0,800.0,450.0,62.283275,101.37589987131467,20.754625,62.16659079082445,0.8780357142857143,72.0,0.02845,49.0,1.3611111111111112,1301.5102040816328,3800.122619517068,0.18693845550764407,0.43811838494707955,0.37492747941983534,10.0,5.0,0.17715,16.860669444444444,55.441560782469764,0.02845
84,https://mail.apple.com-l.cloud/,1,1339.0,616.0,800.0,450.0,0.0,0.0,255.0,0.0,1.0,1.0,0.0,0.0,0.0,0.0,0.0,0.0,0.0,0.0,0.0,0.0,0.0,255.0,0.0,0.0
85,http://mail.apple.com-l.cloud,1,1339.0,616.0,800.0,450.0,0.0,0.0,255.0,0.0,1.0,1.0,0.0,0.0,0.0,0.0,0.0,0.0,0.0,0.0,0.0,0.0,0.0,255.0,0.0,0.0
86,https://mete0ra.xyz/,1,0.0,0.0,0.0,0.0,0.0,0.0,0.0,0.0,0.0,0.0,0.0,0.0,0.0,0.0,0.0,0.0,0.0,0.0,0.0,0.0,0.0,0.0,0.0,0.0
87,http://mete0ra.xyz,1,1339.0,616.0,800.0,450.0,0.5124833333333333,9.389508610367574,254.13559444444445,11.993270924979951,0.9933928571428572,31.0,0.007055555555555555,13.0,0.3611111111111111,82.92307692307692,35.79312684013627,0.9990732159406858,0.0,0.0,2.0,0.0,0.0029944444444444445,254.03664444444445,12.894370281734172,0.007055555555555555
88,https://publicapp.ghost.io/,1,1339.0,616.0,800.0,450.0,129.54433333333333,79.79309599137564,156.5862388888889,61.59580168385071,0.24566964285714285,52.0,0.018980555555555556,62.0,1.7222222222222223,709.241935483871,3044.1711922818727,0.2689543821348979,0.41531359439668897,0.31570928275799337,5.0,3.0,0.12214722222222223,113.70101111111111,86.20390855459377,0.018980555555555556
89,http://publicapp.ghost.io,1,1339.0,616.0,800.0,450.0,129.54433333333333,79.79309599137564,156.5862388888889,61.59580168385071,0.24566964285714285,52.0,0.018980555555555556,62.0,1.7222222222222223,709.241935483871,3044.1711922818727,0.2689543821348979,0.41531359439668897,0.31570928275799337,5.0,3.0,0.12214722222222223,113.70101111111111,86.20390855459377,0.018980555555555556
90,https://ukcoiinbseprolozisg.godaddysites.com/,1,1339.0,616.0,800.0,450.0,17.823266666666665,23.663272146138667,150.95418055555555,66.06982155283117,0.220625,47.0,0.054655555555555554,238.0,6.611111111111111,201.11344537815125,767.5436207924745,0.31598629507374754,0.2965779467680608,0.387414866502319,50.0,5.0,0.13295833333333335,148.00712222222222,67.61046249037823,0.054655555555555554
91,http://ukcoiinbseprolozisg.godaddysites.com,1,1339.0,616.0,800.0,450.0,17.823266666666665,23.663272146138667,150.95418055555555,66.06982155283117,0.220625,47.0,0.054655555555555554,238.0,6.611111111111111,201.11344537815125,767.5436207924745,0.31598629507374754,0.2965779467680608,0.387414866502319,50.0,5.0,0.13295833333333335,148.00712222222222,67.61046249037823,0.054655555555555554
92,https://appie-buscar.help/,1,0.0,0.0,0.0,0.0,0.0,0.0,0.0,0.0,0.0,0.0,0.0,0.0,0.0,0.0,0.0,0.0,0.0,0.0,0.0,0.0,0.0,0.0,0.0,0.0
93,http://appie-buscar.help,1,0.0,0.0,0.0,0.0,0.0,0.0,0.0,0.0,0.0,0.0,0.0,0.0,0.0,0.0,0.0,0.0,0.0,0.0,0.0,0.0,0.0,0.0,0.0,0.0
94,http://classiclifting.co.za,1,1339.0,616.0,800.0,450.0,0.7189416666666667,7.880403478949633,254.24781388888889,9.500747160608325,0.9860714285714286,18.0,0.00685,20.0,0.5555555555555556,14.7,5.8915193286621745,0.9966101694915255,0.0,0.0,0.0,0.0,0.0008166666666666667,254.00418055555556,11.471359832724454,0.00685
95,https://cloud-fmi.help/,1,0.0,0.0,0.0,0.0,0.0,0.0,0.0,0.0,0.0,0.0,0.0,0.0,0.0,0.0,0.0,0.0,0.0,0.0,0.0,0.0,0.0,0.0,0.0,0.0
96,http://cloud-fmi.help,1,0.0,0.0,0.0,0.0,0.0,0.0,0.0,0.0,0.0,0.0,0.0,0.0,0.0,0.0,0.0,0.0,0.0,0.0,0.0,0.0,0.0,0.0,0.0,0.0
97,https://mnbvcxz.edgeone.app/,1,1339.0,616.0,800.0,450.0,1.2703944444444444,9.325999092142126,252.67855555555556,15.518153030213872,0.9772767857142857,25.0,0.009419444444444444,84.0,2.3333333333333335,27.023809523809526,20.89997504582481,0.904887714663144,0.09467195068251871,0.0,2.0,0.0,0.006305555555555556,252.1851111111111,17.388612029744856,0.009419444444444444
98,http://mnbvcxz.edgeone.app,1,1339.0,616.0,800.0,450.0,1.2703944444444444,9.325999092142126,252.67855555555556,15.518153030213872,0.9772767857142857,25.0,0.009419444444444444,84.0,2.3333333333333335,27.023809523809526,20.89997504582481,0.904887714663144,0.09467195068251871,0.0,2.0,0.0,0.006305555555555556,252.1851111111111,17.388612029744856,0.009419444444444444
99,http://promo-shopee.shop,1,0.0,0.0,0.0,0.0,0.0,0.0,0.0,0.0,0.0,0.0,0.0,0.0,0.0,0.0,0.0,0.0,0.0,0.0,0.0,0.0,0.0,0.0,0.0,0.0
100,https://google.com,0,1339.0,616.0,800.0,450.0,1.6462555555555556,16.059122135313416,188.12415555555555,73.67654674965148,0.5132589285714285,50.0,0.053116666666666666,333.0,9.25,79.64564564564564,479.5845993633501,0.2960072390001131,0.33484145835689777,0.36911359951739997,5.0,1.0,0.07367222222222222,187.5560111111111,73.96961272847031,0.053116666666666666
101,https://facebook.com,0,1339.0,616.0,800.0,450.0,8.56996111111111,34.94144570084579,185.45274166666667,52.88608470608142,0.5570535714285715,37.0,0.05193888888888889,278.0,7.722222222222222,128.92446043165467,1043.0885023765607,0.2529992745940517,0.2903018804754199,0.4566709447017466,7.0,1.0,0.09955833333333333,181.61706388888888,55.51248164393428,0.05193888888888889
102,https://youtube.com,0,1339.0,616.0,800.0,450.0,1.0040888888888888,12.932690274085761,210.19180833333334,44.34987493539848,0.4722767857142857,34.0,0.057694444444444444,411.0,11.416666666666666,63.223844282238446,361.2377458375923,0.3070499499730624,0.3518817824982683,0.34102978526899097,6.0,0.0,0.07218055555555555,209.66413333333333,44.85330409263811,0.057694444444444444
103,https://instagram.com,0,1339.0,616.0,800.0,450.0,17.54776111111111,25.269663564322403,128.57014722222223,71.31849994863023,0.6640178571428571,40.0,0.04353055555555556,275.0,7.638888888888889,103.77454545454546,935.4603339762597,0.31700480044850904,0.37247275657871687,0.310487403202635,10.0,1.0,0.07927222222222222,124.78972777777778,73.42320608055819,0.04353055555555556
104,https://twitter.com,0,1339.0,616.0,800.0,450.0,24.559047222222222,42.939912372251754,197.04600555555555,97.07320797063977,0.7088392857142857,36.0,0.030025,74.0,2.0555555555555554,643.2837837837837,3391.947907715558,0.060604150911688096,0.19168557264095454,0.7476892698092598,10.0,2.0,0.13223055555555555,195.32128055555555,99.61703518098231,0.030025
105,https://linkedin.com,0,1339.0,616.0,800.0,450.0,33.01204722222222,48.246572553889976,206.9483,61.87169258858744,0.5536160714285714,89.0,0.0564,178.0,4.944444444444445,318.08988764044943,2508.6991845699213,0.596050935165398,0.11735928365800674,0.2865721198848484,30.0,2.0,0.15727777777777777,196.77497222222223,70.5556099529482,0.0564
106,https://microsoft.com,0,1339.0,616.0,800.0,450.0,43.18853611111111,54.71523869820431,225.18803888888888,54.31536852533482,0.406875,166.0,0.05248055555555556,291.0,8.083333333333334,148.57731958762886,1406.723998860521,0.5028794782246687,0.15863727825704835,0.338460115179129,10.0,2.0,0.1201,202.29228055555555,61.893212537304564,0.05248055555555556
107,https://googletagmanager.com,0,1339.0,616.0,800.0,450.0,1.4349305555555556,12.786967296199146,254.5124111111111,5.692295120783779,0.9767410714285715,29.0,0.011936111111111111,53.0,1.4722222222222223,33.301886792452834,44.693330263305725,0.5419026047565119,0.4575311438278596,0.0,5.0,0.0,0.004902777777777778,253.78007222222223,10.419498206903855,0.011936111111111111
108,https://apple.com,0,1339.0,616.0,800.0,450.0,7.226072222222222,23.754272065258906,236.11424722222222,40.13292296737863,0.8866964285714286,41.0,0.029983333333333334,137.0,3.8055555555555554,122.95620437956204,355.0817499912297,0.23732636827733586,0.19227116229371957,0.5703431081562389,21.0,1.0,0.04679166666666667,232.33171666666667,43.84509382977695,0.029983333333333334
109,https://github.com,0,1339.0,616.0,800.0,450.0,211.08973333333333,73.22715785778449,93.79635833333333,59.73688288899764,0.5055803571428571,115.0,0.042630555555555553,54.0,1.5,1586.0925925925926,3849.5287651411095,0.25856392294220665,0.33267950963222415,0.4087448920023351,17.0,7.0,0.2379138888888889,40.33743333333334,63.26200606183602,0.042630555555555553
110,https://wikipedia.org,0,1339.0,616.0,800.0,450.0,2.139022222222222,15.895079096638527,251.28119722222223,17.52687595950836,0.938125,27.0,0.024769444444444445,125.0,3.4722222222222223,63.472,219.89570531504248,0.14492753623188406,0.5445494643982357,0.3103969754253308,6.0,1.0,0.02203888888888889,250.1013,21.834856549385027,0.024769444444444445
111,https://wordpress.org,0,1339.0,616.0,800.0,450.0,52.40454722222222,88.35526262318312,238.16039444444445,44.29553528115913,0.7301785714285715,85.0,0.09424444444444445,148.0,4.111111111111111,232.10135135135135,1688.584305252219,0.3800652072659525,0.3888856544014905,0.23102002794597112,14.0,1.0,0.09541944444444445,212.25491944444445,70.52606288906534,0.09424444444444445
112,https://youtu.be,0,1339.0,616.0,800.0,450.0,1.0040888888888888,12.932690274085761,210.19180833333334,44.34987493539848,0.4722767857142857,34.0,0.057694444444444444,411.0,11.416666666666666,63.223844282238446,361.2377458375923,0.3070499499730624,0.3518817824982683,0.34102978526899097,6.0,0.0,0.07218055555555555,209.66413333333333,44.85330409263811,0.057694444444444444
113,https://en.wikipedia.org,0,1339.0,616.0,800.0,450.0,12.415661111111111,25.95567393026125,240.31742777777777,38.4576180958454,0.7646428571428572,64.0,0.09417222222222223,379.0,10.527777777777779,41.50923482849604,135.40595386525135,0.13017224941206382,0.44543316595690585,0.4243310239623721,14.0,0.0,0.0437,235.14718611111113,42.83623129138108,0.09417222222222223
114,https://play.google.com,0,1339.0,616.0,800.0,450.0,16.64047777777778,49.07179909065848,146.87716944444443,118.44659527440652,0.48348214285714286,158.0,0.04843055555555555,157.0,4.361111111111111,444.28025477707007,4399.77609278929,0.1774834057316531,0.45876163032414374,0.3637406276432555,4.0,1.0,0.19375555555555554,143.9367861111111,118.59174238680191,0.04843055555555555
115,https://goo.gl,0,1339.0,616.0,800.0,450.0,1.3683722222222223,11.737709255751803,253.47447777777776,12.982521102302446,0.9710267857142857,31.0,0.013272222222222222,95.0,2.638888888888889,22.66315789473684,39.891328836521474,0.6931290622098422,0.3064066852367688,0.0,1.0,0.0,0.005980555555555556,253.00825555555556,15.319911287138783,0.013272222222222222
116,https://pinterest.com,0,1339.0,616.0,800.0,450.0,19.702230555555555,45.47063842039118,243.50881666666666,31.436007840262665,0.7511607142857143,98.0,0.0322,161.0,4.472222222222222,148.57142857142858,283.20568901288607,0.18138873792901636,0.3043769073199281,0.514192550478659,39.0,0.0,0.06644444444444444,239.28822222222223,36.090092979707755,0.0322
117,https://maps.google.com,0,1339.0,616.0,800.0,450.0,1.4032361111111111,14.992091362330806,251.1154611111111,19.061584895590947,0.941875,30.0,0.0276,195.0,5.416666666666667,39.3948717948718,106.37646247442763,0.24417545229727972,0.33437459325784197,0.4213197969543147,2.0,0.0,0.02133888888888889,250.33122777777777,21.806458634065926,0.0276
118,https://x.com,0,1339.0,616.0,800.0,450.0,24.559047222222222,42.939912372251754,197.04600555555555,97.07320797063977,0.7088392857142857,36.0,0.030025,74.0,2.0555555555555554,643.2837837837837,3391.947907715558,0.060604150911688096,0.19168557264095454,0.7476892698092598,10.0,2.0,0.13223055555555555,195.32128055555555,99.61703518098231,0.030025
119,https://vimeo.com,0,1339.0,616.0,800.0,450.0,57.69110277777778,47.24355166763788,134.38831666666667,68.19934049167722,0.17223214285714286,77.0,0.037625,166.0,4.611111111111111,407.0542168674699,3186.720864863207,0.2220298348428343,0.36893979754928075,0.40901556857870125,34.0,3.0,0.1876972222222222,124.06217222222222,70.10683253398427,0.037625
120,https://docs.google.com,0,1339.0,616.0,800.0,450.0,2.3465444444444445,18.483197362085452,253.85721944444444,9.234234603525906,0.9673660714285715,35.0,0.015336111111111111,94.0,2.611111111111111,48.670212765957444,145.19505503403934,0.14357517482517482,0.39204545454545453,0.46416083916083917,2.0,0.0,0.012708333333333334,252.58523055555557,15.95850668929896,0.015336111111111111
121,https://apps.apple.com,0,1339.0,616.0,800.0,450.0,124.44972777777778,111.77314940655125,167.08211666666668,72.03673600761513,0.3258482142857143,253.0,0.07331944444444445,202.0,5.611111111111111,395.3069306930693,2686.744221125998,0.24402339298460923,0.2837338609695315,0.4722302230348265,23.0,2.0,0.2218111111111111,132.1298277777778,94.86506215130171,0.07331944444444445
122,https://whatsapp.com,0,1339.0,616.0,800.0,450.0,40.270808333333335,49.50994876522785,176.99301666666668,58.26035588545373,0.21973214285714285,105.0,0.046691666666666666,139.0,3.861111111111111,462.84892086330933,1645.472982727861,0.20663071016677806,0.40908031148483764,0.3842734351928128,41.0,5.0,0.1787111111111111,167.1590361111111,61.401738975227964,0.046691666666666666
123,https://tiktok.com,0,1339.0,616.0,800.0,450.0,80.52069166666666,107.91615150286015,85.28226111111111,97.23729240482126,0.5822767857142858,51.0,0.0458,51.0,1.4166666666666667,1205.0980392156862,4411.524534203398,0.14134166381933258,0.2748409560534323,0.5838011096467679,13.0,3.0,0.17072222222222222,59.66672777777778,69.9498967647821,0.0458
124,https://wa.me,0,1339.0,616.0,800.0,450.0,3.409911111111111,24.702226970972323,252.66929166666668,12.547075635312952,0.9670089285714286,41.0,0.010725,50.0,1.3888888888888888,103.48,313.2477128408123,0.6046376811594203,0.39111111111111113,0.004057971014492754,3.0,0.0,0.014372222222222222,251.5574611111111,17.17641239214855,0.010725
125,https://nginx.org,0,1339.0,616.0,800.0,450.0,11.307097222222222,40.38471244950788,229.20418333333333,68.88607651001881,0.7754910714285714,66.0,0.06951388888888889,315.0,8.75,97.91746031746031,1266.771065690143,0.8383530556005836,0.08127735451450803,0.08033716971956557,8.0,1.0,0.08567777777777778,224.68570555555556,72.32278788030763,0.06951388888888889
126,https://f5.com,0,1339.0,616.0,800.0,450.0,22.069783333333334,62.026987515809516,99.225325,101.5257339751845,0.4484375,71.0,0.05069166666666667,175.0,4.861111111111111,392.0,2997.3852071430524,0.24527339251614408,0.40544598475240884,0.34926604568446523,10.0,2.0,0.19055555555555556,93.95724722222222,100.2527683601139,0.05069166666666667
127,https://nginx.com,0,1339.0,616.0,800.0,450.0,29.220602777777778,74.62875796212872,99.06763611111111,99.75628991765005,0.4486160714285714,69.0,0.040225,152.0,4.222222222222222,352.0,2169.4671004649967,0.3207363797775909,0.47885244369685076,0.20039248668348753,13.0,2.0,0.1486222222222222,92.86759444444445,99.14059072791511,0.040225
128,https://amazon.com,0,1339.0,616.0,800.0,450.0,90.87216388888889,85.84719923365017,191.31749166666665,75.29971983596572,0.2646875,291.0,0.09076666666666666,307.0,8.527777777777779,307.1954397394137,1530.530044094192,0.38537800869473016,0.24308132753684658,0.37153006043897785,81.0,7.0,0.2619694444444444,170.65679166666666,82.3005511304345,0.09076666666666666
129,https://policies.google.com,0,1339.0,616.0,800.0,450.0,4.955408333333334,23.157534721145122,249.57736111111112,23.11189277148693,0.8958035714285715,52.0,0.044936111111111114,305.0,8.472222222222221,36.63934426229508,103.12514008525176,0.2795275590551181,0.24686828919112383,0.4735146743020759,4.0,0.0,0.031041666666666665,247.3331388888889,29.253087617333264,0.044936111111111114
130,https://bit.ly,0,1339.0,616.0,800.0,450.0,170.73694166666667,99.47181584517038,114.39226111111111,85.14288375103894,0.5359821428571429,68.0,0.057777777777777775,305.0,8.472222222222221,233.46229508196723,1625.5727987353182,0.3043380566517337,0.4412627971969048,0.25438510258822866,13.0,5.0,0.19779444444444444,88.43446666666667,93.34693374029786,0.057777777777777775
131,https://adobe.com,0,1339.0,616.0,800.0,450.0,0.4808972222222222,5.364215441805388,254.15574722222223,9.287695026963434,0.9847321428571428,15.0,0.008130555555555556,43.0,1.1944444444444444,26.441860465116278,18.48355941456333,0.1344463971880492,0.8646748681898067,0.0,0.0,0.0,0.0031583333333333333,253.96996388888888,10.576647260662233,0.008130555555555556
132,https://wordpress.com,0,1339.0,616.0,800.0,450.0,121.35469722222223,91.20572492626212,234.2731861111111,25.462909297726597,0.5494196428571428,58.0,0.05859166666666667,249.0,6.916666666666667,291.44176706827307,2882.187481817216,0.19583850075788894,0.449676174727849,0.3544715447154472,13.0,1.0,0.20158055555555557,148.94514444444445,73.0648698971691,0.05859166666666667
133,https://drive.google.com,0,1339.0,616.0,800.0,450.0,2.465902777777778,18.69356079395294,252.8926138888889,13.579630329644734,0.9519196428571428,35.0,0.019680555555555555,104.0,2.888888888888889,59.93269230769231,233.98098478061272,0.27446262431825474,0.28071863971767724,0.44465832531280075,2.0,0.0,0.01731388888888889,251.5824472222222,18.93173620640434,0.019680555555555555
134,https://api.whatsapp.com,0,1339.0,616.0,800.0,450.0,3.409911111111111,24.702226970972323,252.66929166666668,12.547075635312952,0.9670089285714286,41.0,0.010725,50.0,1.3888888888888888,103.48,313.2477128408123,0.6046376811594203,0.39111111111111113,0.004057971014492754,3.0,0.0,0.014372222222222222,251.5574611111111,17.17641239214855,0.010725
135,https://mozilla.org,0,1339.0,616.0,800.0,450.0,7.935975,41.17040918506934,66.422025,87.92526263132946,0.74,53.0,0.0346,87.0,2.4166666666666665,763.8620689655172,4216.774809859661,0.23813894698827814,0.4748634455362114,0.286982560151677,5.0,3.0,0.1846,64.15729722222223,85.47998897939338,0.0346
136,https://player.vimeo.com,0,1339.0,616.0,800.0,450.0,85.46988611111111,43.34980992958878,89.12599166666666,88.417220802473,0.39986607142857145,119.0,0.04778333333333333,111.0,3.0833333333333335,681.2972972972973,2881.1319709685013,0.30012561983471076,0.37011570247933884,0.32974545454545456,13.0,5.0,0.21006666666666668,78.08723055555555,83.24843928631908,0.04778333333333333
137,https://plus.google.com,0,1339.0,616.0,800.0,450.0,6.511058333333334,27.760548244304807,238.3430111111111,44.07807226375452,0.8107142857142857,80.0,0.05124444444444445,273.0,7.583333333333333,105.02930402930403,1237.657434786056,0.7696519495012903,0.0951035781544256,0.13520959754481413,15.0,1.0,0.07964722222222222,235.25123333333335,47.90881238388658,0.05124444444444445
138,https://blogspot.com,0,1339.0,616.0,800.0,450.0,137.9029361111111,40.41038306125084,177.56588888888888,32.52892196507404,0.6752232142857143,65.0,0.03637777777777778,128.0,3.5555555555555554,344.3203125,894.8242925778235,0.3021055497572265,0.202137314516495,0.4957344466125153,42.0,4.0,0.122425,129.01583055555557,37.18934766770004,0.03637777777777778
139,https://europa.eu,0,1339.0,616.0,800.0,450.0,136.38023055555556,121.9974585789582,191.8838027777778,50.374822369524075,0.4053125,72.0,0.04559722222222222,174.0,4.833333333333333,395.0402298850575,2479.1942201328598,0.36106665890773665,0.3831068695626873,0.25581192353574445,12.0,4.0,0.1909361111111111,135.57965277777777,97.27533214707562,0.04559722222222222
140,https://apache.org,0,1339.0,616.0,800.0,450.0,26.832272222222223,57.5130525828056,226.08430833333333,51.43698637269617,0.7262053571428572,99.0,0.04640277777777778,135.0,3.75,311.6148148148148,1020.820555821604,0.3313128431861941,0.3677054363070194,0.3009579500344672,50.0,2.0,0.11685555555555556,216.9064,66.02760849435971,0.04640277777777778
141,https://maps.app.goo.gl,0,1339.0,616.0,800.0,450.0,1.3683722222222223,11.737709255751803,253.47447777777776,12.982521102302446,0.9710267857142857,31.0,0.013272222222222222,95.0,2.638888888888889,22.66315789473684,39.891328836521474,0.6931290622098422,0.3064066852367688,0.0,1.0,0.0,0.005980555555555556,253.00825555555556,15.319911287138783,0.013272222222222222
142,https://t.me,0,1339.0,616.0,800.0,450.0,12.76463611111111,40.225584947833426,247.30605833333334,29.731933972431758,0.8532589285714286,147.0,0.041166666666666664,178.0,4.944444444444445,125.21910112359551,552.1810099279354,0.24710632570659488,0.17895917451772095,0.5738896366083446,7.0,2.0,0.061913888888888886,242.00595555555554,38.27651750498125,0.041166666666666664
143,https://github.io,0,1339.0,616.0,800.0,450.0,7.2412527777777775,22.032265730249474,251.29087222222222,19.80521912177319,0.8320089285714286,39.0,0.0259,149.0,4.138888888888889,40.557046979865774,197.560164399918,0.2569490403706155,0.29103242885506286,0.45185307743216413,3.0,0.0,0.016786111111111113,248.2743361111111,23.994402778526087,0.0259
144,https://itunes.apple.com,0,1339.0,616.0,800.0,450.0,2.854416666666667,14.69415095062393,243.49609166666667,41.4759838976785,0.8944642857142857,65.0,0.037283333333333335,169.0,4.694444444444445,99.13609467455622,150.60607085649394,0.18424350940017906,0.12145628170695315,0.6942405252163534,44.0,0.0,0.04653888888888889,242.32393333333334,43.1268083740136,0.037283333333333335
145,https://gravatar.com,0,1339.0,616.0,800.0,450.0,35.837247222222224,42.1231135137098,218.49845555555555,41.95757550263284,0.4323214285714286,88.0,0.050008333333333335,211.0,5.861111111111111,221.5734597156398,2087.8542621454976,0.22426368361388574,0.4707933180758454,0.30492160930849355,18.0,1.0,0.12986666666666666,212.00626111111112,47.18634730416838,0.050008333333333335
146,https://yahoo.com,0,1339.0,616.0,800.0,450.0,4.420588888888889,13.810526962666673,184.7580027777778,63.769676058191315,0.49075892857142855,36.0,0.048075,395.0,10.972222222222221,72.57974683544303,925.0121781449106,0.3555981862574119,0.2822462504359958,0.36212068364143707,3.0,1.0,0.07963611111111112,183.57843333333332,64.6020052869964,0.048075
147,https://reddit.com,0,1339.0,616.0,800.0,450.0,2.573913888888889,14.379942746885193,252.46796666666665,15.078290187440572,0.9429910714285714,55.0,0.009852777777777778,92.0,2.5555555555555554,70.96739130434783,167.66565144895782,0.48392036753445633,0.43506891271056664,0.08085758039816232,10.0,0.0,0.01813611111111111,251.3582722222222,18.52453858814499,0.009852777777777778
148,https://forms.gle,0,1339.0,616.0,800.0,450.0,1.3683722222222223,11.737709255751803,253.47447777777776,12.982521102302446,0.9710267857142857,31.0,0.013272222222222222,95.0,2.638888888888889,22.66315789473684,39.891328836521474,0.6931290622098422,0.3064066852367688,0.0,1.0,0.0,0.005980555555555556,253.00825555555556,15.319911287138783,0.013272222222222222
149,https://miit.gov.cn,0,0.0,0.0,0.0,0.0,0.0,0.0,0.0,0.0,0.0,0.0,0.0,0.0,0.0,0.0,0.0,0.0,0.0,0.0,0.0,0.0,0.0,0.0,0.0,0.0
150,https://nih.gov,0,1339.0,616.0,800.0,450.0,26.184519444444444,67.88237494058838,195.93342222222222,51.436681524845625,0.3495982142857143,80.0,0.14488055555555557,746.0,20.72222222222222,77.02949061662198,747.5127329976222,0.44621943791873314,0.2907682937440181,0.262994866440442,56.0,1.0,0.15962222222222222,187.71575,60.95512153073267,0.14488055555555557
151,https://qq.com,0,1339.0,616.0,800.0,450.0,39.99339722222222,66.5814141422447,227.42360555555555,53.99045967678994,0.6116517857142857,110.0,0.06371666666666667,371.0,10.305555555555555,133.7466307277628,1056.5492223527242,0.4644807641925798,0.14620825860018943,0.3892908244493259,11.0,3.0,0.13783333333333334,209.7104111111111,67.15435598056406,0.06371666666666667
152,https://beian.miit.gov.cn,0,1339.0,616.0,800.0,450.0,0.0,0.0,255.0,0.0,1.0,1.0,0.0,0.0,0.0,0.0,0.0,0.0,0.0,0.0,0.0,0.0,0.0,255.0,0.0,0.0
153,https://spotify.com,0,1339.0,616.0,800.0,450.0,13.717186111111111,42.22005193919941,147.7698388888889,99.45112034046697,0.43705357142857143,129.0,0.0843388888888889,539.0,14.972222222222221,118.14100185528757,932.7789164749311,0.45979051178567504,0.3305014211906594,0.2096923632594733,24.0,3.0,0.17688333333333334,145.19577777777778,100.37611745029324,0.0843388888888889
154,https://tumblr.com,0,1339.0,616.0,800.0,450.0,112.27051388888889,111.72713540642133,129.54366666666667,108.5415318560903,0.37120535714285713,26.0,0.05769722222222222,378.0,10.5,109.0,1365.3934836080641,0.3793170400213577,0.29570662330412834,0.32495206659709247,3.0,1.0,0.11445,120.68531388888889,115.2932080869676,0.05769722222222222
155,https://macromedia.com,0,0.0,0.0,0.0,0.0,0.0,0.0,0.0,0.0,0.0,0.0,0.0,0.0,0.0,0.0,0.0,0.0,0.0,0.0,0.0,0.0,0.0,0.0,0.0,0.0
156,https://amazonaws.com,0,0.0,0.0,0.0,0.0,0.0,0.0,0.0,0.0,0.0,0.0,0.0,0.0,0.0,0.0,0.0,0.0,0.0,0.0,0.0,0.0,0.0,0.0,0.0,0.0
157,https://archive.org,0,1339.0,616.0,800.0,450.0,5.818133333333333,23.241290891285132,174.17976944444445,86.86101780144186,0.4715625,75.0,0.05901388888888889,239.0,6.638888888888889,264.35983263598325,1404.5654475537608,0.4638906034851147,0.26716047037969076,0.2689330990931105,29.0,3.0,0.17550555555555555,171.905525,86.5707058775718,0.05901388888888889
158,https://sites.google.com,0,1339.0,616.0,800.0,450.0,2.465902777777778,18.69356079395294,252.8926138888889,13.579630329644734,0.9519196428571428,35.0,0.019680555555555555,104.0,2.888888888888889,59.93269230769231,233.98098478061272,0.27446262431825474,0.28071863971767724,0.44465832531280075,2.0,0.0,0.01731388888888889,251.5824472222222,18.93173620640434,0.019680555555555555
159,https://open.spotify.com,0,1339.0,616.0,800.0,450.0,13.717186111111111,42.22005193919941,147.76937777777778,99.47967797523917,0.43357142857142855,129.0,0.08439722222222222,537.0,14.916666666666666,118.5046554934823,934.4096456687163,0.4600867406266696,0.3267544548854458,0.21314309060624156,24.0,3.0,0.17676944444444445,145.19531666666666,100.40440017061975,0.08439722222222222
160,https://mailinabox.email,0,1339.0,616.0,800.0,450.0,6.005286111111111,27.494495557218688,240.45829722222223,51.79405349598535,0.8695982142857143,73.0,0.051027777777777776,254.0,7.055555555555555,67.05905511811024,469.97832968208303,0.20277092873077374,0.1051426558647411,0.6920277092873077,10.0,1.0,0.04731388888888889,238.47896111111112,54.55595803727723,0.051027777777777776
161,https://flickr.com,0,1339.0,616.0,800.0,450.0,8.62363611111111,35.78244778753383,181.6553888888889,89.83887455924071,0.5530357142857143,68.0,0.057825,248.0,6.888888888888889,262.46370967741933,2038.2478517429192,0.40329072697105633,0.2850427087814171,0.31165120137651325,31.0,2.0,0.18080833333333332,178.64711666666668,91.03252728202736,0.057825
162,https://office.com,0,1339.0,616.0,800.0,450.0,18.843791666666668,30.672242456167602,244.0056888888889,18.51365924790813,0.7866517857142857,103.0,0.040141666666666666,196.0,5.444444444444445,63.775510204081634,220.5009153857738,0.27173826093912484,0.48524118070554356,0.24294056475481962,22.0,0.0,0.034722222222222224,234.4211527777778,29.465336127652574,0.040141666666666666
163,https://ec.europa.eu,0,1339.0,616.0,800.0,450.0,87.74973055555556,96.62730538393755,167.85748611111111,80.93761512775905,0.40214285714285714,112.0,0.06527222222222222,195.0,5.416666666666667,440.51794871794874,3916.871999431977,0.1894833647644991,0.4560545738166748,0.3544504202463272,50.0,1.0,0.23861388888888888,145.10579166666668,97.73475337082813,0.06527222222222222
164,https://medium.com,0,1339.0,616.0,800.0,450.0,1.2953722222222221,10.339570683399105,251.90519444444445,18.70131800809689,0.9537053571428571,33.0,0.01891388888888889,89.0,2.4722222222222223,47.92134831460674,206.2617636941636,0.39990623534927333,0.3832630098452883,0.21659634317862167,1.0,0.0,0.011847222222222223,251.46684166666665,20.435325500287693,0.01891388888888889
165,https://nytimes.com,0,1339.0,616.0,800.0,450.0,3.677138888888889,16.83128253621937,205.84191666666666,45.79385395071834,0.57875,33.0,0.04596666666666667,411.0,11.416666666666666,45.84428223844282,220.17095787399276,0.0,0.42312795202462455,0.576818977869766,13.0,0.0,0.052338888888888886,204.64125277777777,46.9082484796709,0.04596666666666667
166,https://w3.org,0,1339.0,616.0,800.0,450.0,18.267630555555556,51.93470215351794,242.6226638888889,40.28518866522267,0.7904910714285714,77.0,0.050277777777777775,207.0,5.75,83.15458937198068,375.6539872423978,0.2894736842105263,0.23585453700476355,0.4746136865342163,22.0,1.0,0.04781388888888889,235.7314027777778,50.86028900034762,0.050277777777777775
167,https://baidu.com,0,0.0,0.0,0.0,0.0,0.0,0.0,0.0,0.0,0.0,0.0,0.0,0.0,0.0,0.0,0.0,0.0,0.0,0.0,0.0,0.0,0.0,0.0,0.0,0.0
168,https://creativecommons.org,0,1339.0,616.0,800.0,450.0,34.16181388888889,61.678781261727515,221.43443333333335,66.74122356710613,0.6524107142857143,150.0,0.06295833333333334,241.0,6.694444444444445,201.23651452282158,705.9857812406653,0.12664178642858614,0.42363760077527374,0.4496999938143055,46.0,6.0,0.13471666666666668,206.62364722222222,74.867251817452,0.06295833333333334
169,https://godaddy.com,0,1339.0,616.0,800.0,450.0,1.3911333333333333,12.586607664233181,253.34618333333333,15.737196785173566,0.9738392857142857,31.0,0.011577777777777777,45.0,1.25,30.77777777777778,30.95149530682476,0.9992784992784993,0.0,0.0,1.0,0.0,0.0038472222222222224,252.9411888888889,17.905521095395535,0.011577777777777777
170,https://soundcloud.com,0,1339.0,616.0,800.0,450.0,22.507555555555555,39.516054031835125,128.96353055555556,98.42291510213384,0.34549107142857144,50.0,0.06242222222222222,352.0,9.777777777777779,151.8806818181818,990.6120195430557,0.3615397564670894,0.4605989188784767,0.1778426201298094,38.0,2.0,0.14850555555555556,126.64135833333333,98.74274817839333,0.06242222222222222
171,https://support.mozilla.org,0,1339.0,616.0,800.0,450.0,13.47715,40.15279345602177,247.8186388888889,24.664878253469805,0.8621875,63.0,0.027591666666666667,126.0,3.5,87.15079365079364,242.68485238830874,0.5557275541795665,0.37479511928610454,0.06938626843926425,12.0,0.0,0.030502777777777778,243.2029,31.429052703067953,0.027591666666666667
172,https://forbes.com,0,1339.0,616.0,800.0,450.0,7.819913888888889,29.924084866603632,64.60956388888889,60.86855214475448,0.5270535714285715,32.0,0.053366666666666666,125.0,3.4722222222222223,566.224,3811.27198056292,0.24825160005086255,0.1626471128442052,0.5890871586204948,16.0,2.0,0.19660555555555556,63.987405555555554,60.92360942872978,0.053366666666666666
173,https://zoom.us,0,1339.0,616.0,800.0,450.0,143.14635277777776,85.2264548148571,160.74211666666667,69.75048889966251,0.16258928571428571,92.0,0.054858333333333335,215.0,5.972222222222222,338.36744186046514,2104.836839472465,0.3299106529209622,0.33586254295532647,0.334213058419244,14.0,2.0,0.20208055555555557,104.55738611111111,80.59102011701378,0.054858333333333335
174,https://live.com,0,1339.0,616.0,800.0,450.0,29.13871388888889,41.36189698679109,227.1834111111111,36.90981846681463,0.4211607142857143,121.0,0.07354166666666667,409.0,11.36111111111111,65.32029339853301,204.15723985627594,0.113410936856683,0.4156529550473481,0.4708986787438709,40.0,2.0,0.07421111111111112,214.22503055555555,44.64536640912046,0.07354166666666667
175,https://www.ncbi.nlm.nih.gov,0,1339.0,616.0,800.0,450.0,32.729283333333335,66.45318603880938,224.54033333333334,42.31643856968852,0.5510267857142858,46.0,0.07632777777777777,454.0,12.61111111111111,110.01541850220265,1138.2297745121841,0.6547809722110995,0.17926643709457837,0.16593256987266758,16.0,1.0,0.13874166666666668,212.7443638888889,61.178832783359404,0.07632777777777777
176,https://sourceforge.net,0,1339.0,616.0,800.0,450.0,4.1626111111111115,28.208123177235645,242.8037527777778,24.150366360805037,0.9219642857142857,18.0,0.01842777777777778,77.0,2.138888888888889,292.1168831168831,1378.630969467428,0.26024717702498446,0.47025873566284343,0.2694496310127145,4.0,2.0,0.06248055555555555,240.6509861111111,31.964172528261603,0.01842777777777778
177,https://web.archive.org,0,1339.0,616.0,800.0,450.0,5.210202777777778,22.8656440688012,222.46009166666667,70.51778031573502,0.7708035714285715,74.0,0.062408333333333336,342.0,9.5,106.66666666666667,643.6973835875262,0.698281297113566,0.1718428771141142,0.12984841424303062,31.0,1.0,0.10133333333333333,220.43929166666666,71.64603627904523,0.062408333333333336
178,https://sciencedirect.com,0,1339.0,616.0,800.0,450.0,13.542933333333334,21.315555380363264,246.55425277777778,21.408155143218284,0.8953571428571429,35.0,0.04465555555555555,271.0,7.527777777777778,32.40590405904059,166.43453718532737,0.18524422179209837,0.4863941705567574,0.3282477513378117,4.0,0.0,0.024394444444444444,238.72336944444444,25.589792029074577,0.04465555555555555
179,https://doi.org,0,1339.0,616.0,800.0,450.0,5.758638888888889,17.68760960963725,248.33215,23.456384199420704,0.8603125,42.0,0.06255833333333333,356.0,9.88888888888889,31.626404494382022,151.71768681934847,0.6674955595026643,0.1816163410301954,0.1507992895204263,8.0,0.0,0.031275,245.0324861111111,25.72790967644382,0.06255833333333333
180,https://theguardian.com,0,1339.0,616.0,800.0,450.0,56.69683333333333,99.38333166177537,140.81865277777777,72.90380312718408,0.4230357142857143,55.0,0.06745,222.0,6.166666666666667,319.8198198198198,2593.8176260957534,0.14392755031619273,0.29947465528654527,0.5565837100885903,8.0,2.0,0.19722222222222222,132.58913333333334,81.93390537313189,0.06745
181,https://cpanel.net,0,1339.0,616.0,800.0,450.0,39.75600277777778,72.81327775985179,235.16046944444443,41.868981718128225,0.7484375,70.0,0.05395277777777778,208.0,5.777777777777778,194.05769230769232,1043.7004923949416,0.3553078161773814,0.3053635575374706,0.3393038523473306,26.0,2.0,0.11212222222222222,218.70541111111112,60.40832830411427,0.05395277777777778
182,https://paypal.com,0,1339.0,616.0,800.0,450.0,107.17543055555555,73.07163961337424,239.44342777777777,54.34661427280458,0.6073214285714286,84.0,0.03726388888888889,153.0,4.25,272.01307189542484,1240.685115323256,0.3298493476537159,0.28441336889401475,0.38571325596482375,33.0,2.0,0.11560555555555556,188.18849166666666,52.649259373311835,0.03726388888888889
183,https://t.co,0,1339.0,616.0,800.0,450.0,1.762261111111111,12.283347905854711,237.16713333333334,25.460573546913217,0.9500892857142857,32.0,0.021475,84.0,2.3333333333333335,69.26190476190476,362.1519057446297,0.6107578621756315,0.32187661110156385,0.06719367588932806,3.0,0.0,0.016161111111111112,236.53769444444444,26.991391039366047,0.021475
184,https://oracle.com,0,1339.0,616.0,800.0,450.0,2.9080805555555553,17.96160127216327,252.31900555555555,18.410123782249464,0.9509375,36.0,0.02213888888888889,140.0,3.888888888888889,23.12857142857143,28.020615588512392,0.5375115776474221,0.4621796850879901,0.0,2.0,0.0,0.008994444444444444,251.27980277777777,22.5765060249463,0.02213888888888889
185,https://wixsite.com,0,0.0,0.0,0.0,0.0,0.0,0.0,0.0,0.0,0.0,0.0,0.0,0.0,0.0,0.0,0.0,0.0,0.0,0.0,0.0,0.0,0.0,0.0,0.0,0.0
186,https://who.int,0,1339.0,616.0,800.0,450.0,78.83411111111111,83.29237782113539,177.1184722222222,78.23362411463718,0.33995535714285713,110.0,0.07109722222222223,159.0,4.416666666666667,675.874213836478,3668.106446440293,0.19198808914530313,0.3138231051970409,0.494179500302424,40.0,6.0,0.2985111111111111,156.32840833333333,92.18073416253732,0.07109722222222223
187,https://shopify.com,0,1339.0,616.0,800.0,450.0,156.41601666666668,89.25151755398119,32.739736111111114,54.927952951897986,0.7836607142857143,51.0,0.032502777777777776,74.0,2.0555555555555554,888.8513513513514,2613.5274944775438,0.2905162977377767,0.27649902700072976,0.4329694721478959,28.0,3.0,0.18270833333333333,28.24671111111111,56.246260816607865,0.032502777777777776
188,https://cnn.com,0,1339.0,616.0,800.0,450.0,1.4537416666666667,12.593719296623721,48.95484722222222,53.9751052451652,0.4485267857142857,22.0,0.06066388888888889,64.0,1.7777777777777777,1095.375,5053.400555257321,0.0634904785678625,0.2889522858569289,0.6475429712573996,6.0,3.0,0.19473333333333334,48.714775,53.857856122796235,0.06066388888888889
189,https://dropbox.com,0,1339.0,616.0,800.0,450.0,6.3234,21.036434694648765,243.42289722222222,27.579952252909543,0.9071428571428571,41.0,0.042444444444444444,234.0,6.5,58.782051282051285,199.85099026605334,0.2148880488514103,0.21692352428031406,0.5681157313172434,11.0,0.0,0.03820833333333333,240.66981944444444,30.853300835848987,0.042444444444444444
190,https://vk.com,0,1339.0,616.0,800.0,450.0,124.29723333333334,86.23789120869858,241.0538861111111,29.027865331978397,0.22758928571428572,35.0,0.02218888888888889,84.0,2.3333333333333335,317.76190476190476,1925.9007763780344,0.5302888397707264,0.22002023002285243,0.24965346720113887,7.0,1.0,0.07414444444444444,168.22837777777778,55.51224473765081,0.02218888888888889
191,https://opera.com,0,1339.0,616.0,800.0,450.0,26.450936111111112,53.79687360248246,238.99606111111112,47.80513757881677,0.6323660714285714,62.0,0.05711666666666667,288.0,8.0,146.10069444444446,585.7231525118387,0.3147250344598127,0.21481534293455012,0.4704358572175484,39.0,1.0,0.11688055555555556,223.07639166666667,58.538118069263575,0.05711666666666667
192,https://launchpad.net,0,1339.0,616.0,800.0,450.0,5.265733333333333,27.89967039263685,250.84606666666667,18.657574990573906,0.9149107142857142,40.0,0.04298333333333333,162.0,4.5,34.22839506172839,119.72072825524985,0.566895059502344,0.144248106743599,0.28867652362062746,3.0,0.0,0.015402777777777777,248.43073055555556,26.00694365762215,0.04298333333333333
193,https://youtube-nocookie.com,0,1339.0,616.0,800.0,450.0,1.8323416666666668,15.493492867614435,253.29160277777777,11.349794101803154,0.9703125,37.0,0.01441388888888889,84.0,2.3333333333333335,43.404761904761905,121.59065979240688,0.21058404167809158,0.5302988757883191,0.25884288456265425,2.0,0.0,0.010127777777777777,252.38194444444446,16.196400889539976,0.01441388888888889
194,https://tinyurl.com,0,1339.0,616.0,800.0,450.0,114.61460277777778,67.92503522743121,87.27230277777778,59.053919886617116,0.5613392857142857,37.0,0.049666666666666665,156.0,4.333333333333333,330.43589743589746,1475.7748298622537,0.12537585598168732,0.4153717821878213,0.4592329628120817,22.0,4.0,0.1431888888888889,72.65283055555555,65.16175628165784,0.049666666666666665
195,https://bbc.com,0,1339.0,616.0,800.0,450.0,10.162202777777777,32.22477728106801,157.57321666666667,92.3708090637811,0.39973214285714287,48.0,0.06749166666666667,434.0,12.055555555555555,90.58986175115207,561.8739772839003,0.2689167535671592,0.25920085459216113,0.47185695755016915,14.0,2.0,0.1092111111111111,155.47385555555556,92.79003298858979,0.06749166666666667
196,https://googleblog.com,0,1339.0,616.0,800.0,450.0,28.804558333333333,60.10799512173844,205.95628055555557,81.12388459941417,0.6139285714285714,228.0,0.0877388888888889,336.0,9.333333333333334,178.0,593.1942286107839,0.32695748131552105,0.3627046096741293,0.3103211891186945,46.0,4.0,0.16613333333333333,197.95764444444444,84.86871292640586,0.0877388888888889
197,https://dropcatch.com,0,1339.0,616.0,800.0,450.0,24.05093888888889,71.0122605588221,238.61461111111112,43.74744523161563,0.7964285714285714,55.0,0.034888888888888886,147.0,4.083333333333333,237.73469387755102,1506.8221158439155,0.42008126359162185,0.47653656861622984,0.10335355385143642,15.0,2.0,0.097075,223.97411944444445,63.33747819487078,0.034888888888888886
198,https://researchgate.net,0,1339.0,616.0,800.0,450.0,2.197783333333333,11.451485763755723,242.79030555555556,17.983108290713393,0.9264732142857143,28.0,0.03001388888888889,171.0,4.75,36.36842105263158,159.2596135241013,0.3162379421221865,0.46093247588424435,0.22266881028938906,3.0,0.0,0.017275,241.91797777777776,20.429876818020862,0.03001388888888889
199,https://bbc.co.uk,0,1339.0,616.0,800.0,450.0,10.162202777777777,32.22477728106801,157.57321666666667,92.3708090637811,0.39973214285714287,48.0,0.06749166666666667,434.0,12.055555555555555,90.58986175115207,561.8739772839003,0.2689167535671592,0.25920085459216113,0.47185695755016915,14.0,2.0,0.1092111111111111,155.47385555555556,92.79003298858979,0.06749166666666667
200,https://mit.edu,0,1339.0,616.0,800.0,450.0,84.162175,86.37225417306207,189.59495833333332,62.60537720625245,0.30544642857142856,192.0,0.13651944444444444,641.0,17.805555555555557,186.58190327613104,738.7094218341322,0.34566889632107023,0.3235200668896321,0.33080267558528426,171.0,4.0,0.33221944444444446,156.74729166666665,82.15671685631902,0.13651944444444444
201,https://php.net,0,1339.0,616.0,800.0,450.0,15.590644444444445,38.9337693358324,72.72893055555555,53.59136939969034,0.7727678571428571,38.0,0.032836111111111115,51.0,1.4166666666666667,1048.549019607843,2304.26065139295,0.29859565794640686,0.37328197168876337,0.32810367073695235,29.0,4.0,0.14854444444444445,66.20303611111112,46.865928943978375,0.032836111111111115
202,https://bing.com,0,1339.0,616.0,800.0,450.0,61.55155833333333,67.04087229746442,184.18349166666667,66.91199917493155,0.34745535714285714,127.0,0.05835277777777778,333.0,9.25,181.82882882882882,1006.403323414181,0.46739884393063585,0.396168455821635,0.13641618497109825,53.0,3.0,0.16819166666666666,164.75621944444444,73.55364328491945,0.05835277777777778
203,https://reuters.com,0,1339.0,616.0,800.0,450.0,1.165261111111111,9.126495913221198,250.78940555555556,15.90301054594424,0.9629017857142858,23.0,0.016005555555555554,84.0,2.3333333333333335,47.654761904761905,190.2975423387843,0.18831168831168832,0.18606393606393606,0.6253746253746254,1.0,0.0,0.011119444444444444,250.39140277777778,17.7530158933628,0.016005555555555554
204,https://accounts.google.com,0,1339.0,616.0,800.0,450.0,2.3465444444444445,18.483197362085452,253.85721944444444,9.234234603525906,0.9673660714285715,35.0,0.015336111111111111,94.0,2.611111111111111,48.670212765957444,145.19505503403934,0.14357517482517482,0.39204545454545453,0.46416083916083917,2.0,0.0,0.012708333333333334,252.58523055555557,15.95850668929896,0.015336111111111111
205,https://harvard.edu,0,1339.0,616.0,800.0,450.0,115.34458333333333,62.94558118012865,49.439572222222225,55.179280467654856,0.5419642857142857,61.0,0.06623888888888889,149.0,4.138888888888889,552.1610738255033,1491.225868708321,0.31746745590898595,0.4448360944659852,0.23768429496918794,57.0,7.0,0.22853333333333334,39.80341111111111,53.473181570327476,0.06623888888888889
206,https://cloudflare.com,0,1339.0,616.0,800.0,450.0,32.50215,74.33362627625199,151.94686666666666,55.386576183163136,0.5739732142857142,32.0,0.046608333333333335,231.0,6.416666666666667,140.55844155844156,1031.6051145595636,0.16085617493070525,0.34129966122574684,0.49781336618417,22.0,1.0,0.09019166666666667,145.14808888888888,60.21456987504389,0.046608333333333335
207,https://issuu.com,0,1339.0,616.0,800.0,450.0,10.316955555555555,37.89472742946676,246.3926361111111,32.91118166445742,0.8916517857142857,73.0,0.03872777777777778,194.0,5.388888888888889,108.1340206185567,378.2577839392585,0.3830973830973831,0.13356213356213356,0.48329281662615,41.0,0.0,0.058272222222222225,240.2602138888889,44.57028528513921,0.03872777777777778
208,https://springer.com,0,1339.0,616.0,800.0,450.0,151.874275,118.36661703933031,120.69259722222222,57.63453050307595,0.4663839285714286,80.0,0.07696388888888889,145.0,4.027777777777778,628.744827586207,2730.624144338737,0.11860391141725805,0.36800886266165034,0.5133762572804352,12.0,5.0,0.25324444444444444,96.46909166666667,73.26820809121206,0.07696388888888889
209,https://nature.com,0,1339.0,616.0,800.0,450.0,129.70752222222222,122.24784670257456,121.33021111111111,52.86851756490802,0.43660714285714286,45.0,0.06381388888888889,100.0,2.7777777777777777,884.83,3656.2163914489524,0.08106550336784052,0.4176461281135573,0.5012770670403689,11.0,5.0,0.24578611111111112,101.20658888888889,68.13256599313405,0.06381388888888889
210,https://wiley.com,0,1339.0,616.0,800.0,450.0,4.168908333333333,28.21992116449807,242.8146361111111,24.12562788373085,0.9220089285714286,19.0,0.018122222222222224,82.0,2.2777777777777777,274.8536585365854,1337.655102672631,0.2617241226318825,0.46931984560095835,0.2689116642264519,4.0,2.0,0.06260555555555555,240.65893055555554,31.949780332589658,0.018122222222222224
211,https://weebly.com,0,1339.0,616.0,800.0,450.0,170.58984722222223,91.78754293795957,227.62665277777776,17.929235689432343,0.18955357142857143,41.0,0.03718055555555556,156.0,4.333333333333333,403.7692307692308,3167.2881141486973,0.21694264077854863,0.5018177777072187,0.28122370572639666,20.0,1.0,0.17496666666666666,135.52478888888888,63.76852569131829,0.03718055555555556
212,https://cdc.gov,0,1339.0,616.0,800.0,450.0,129.87253055555556,71.72993171834551,169.5921888888889,38.753487385551495,0.14736607142857142,74.0,0.028969444444444443,139.0,3.861111111111111,351.9352517985611,1333.3844761640569,0.3454619787408013,0.2505519215044971,0.40396565821749797,37.0,5.0,0.13588611111111112,122.98049444444445,49.483112299719345,0.028969444444444443
213,https://ibm.com,0,1339.0,616.0,800.0,450.0,16.737475,54.26230382812259,184.1098861111111,61.285495021600205,0.3958035714285714,48.0,0.06418888888888889,260.0,7.222222222222222,160.72307692307692,1613.2927628605496,0.24300653281964152,0.29084208763071623,0.4661274498073656,16.0,1.0,0.11607777777777778,174.882375,62.96093370251674,0.06418888888888889
214,https://un.org,0,1339.0,616.0,800.0,450.0,0.42695,8.756598929299608,254.37105833333334,11.439317998413166,0.9942410714285714,30.0,0.00215,16.0,0.4444444444444444,66.5625,41.641278723761594,0.99906191369606,0.0,0.0,1.0,0.0,0.002958333333333333,254.29470555555557,12.20002521727687,0.00215
215,https://wikimedia.org,0,1339.0,616.0,800.0,450.0,6.530925,13.221181418043532,237.01115555555555,30.388838466307956,0.9153125,44.0,0.03142222222222222,195.0,5.416666666666667,25.16923076923077,44.75789088914022,0.7465878997759218,0.23018944795273988,0.023018944795273985,3.0,0.0,0.013633333333333334,233.43123333333332,31.81205893003119,0.03142222222222222
216,https://imdb.com,0,1339.0,616.0,800.0,450.0,0.42695,8.756598929299608,254.37105833333334,11.439317998413166,0.9942410714285714,30.0,0.00215,16.0,0.4444444444444444,66.5625,41.641278723761594,0.99906191369606,0.0,0.0,1.0,0.0,0.002958333333333333,254.29470555555557,12.20002521727687,0.00215
217,https://weibo.com,0,1339.0,616.0,800.0,450.0,49.046625,61.26938152307795,164.0433361111111,98.27357674304096,0.48727678571428573,101.0,0.04489722222222222,233.0,6.472222222222222,200.57939914163092,1606.5913036881327,0.4871833276275248,0.4797800410818213,0.03301523450872989,39.0,2.0,0.12981944444444443,155.04839444444445,100.94207138078954,0.04489722222222222
218,https://link.springer.com,0,1339.0,616.0,800.0,450.0,161.53581944444446,112.241128059542,111.54069166666666,57.01704535360395,0.45754464285714286,70.0,0.07590833333333333,148.0,4.111111111111111,623.8175675675676,2793.9806801484388,0.16758009661417153,0.3254662825206334,0.5069427896800468,15.0,6.0,0.25645833333333334,87.36428611111111,70.17915723003618,0.07590833333333333
219,https://debian.org,0,1339.0,616.0,800.0,450.0,49.21318333333333,71.19849497145093,196.92080277777777,76.28716870061142,0.5611160714285715,146.0,0.07296388888888888,326.0,9.055555555555555,163.57055214723925,1107.5270771486746,0.41382090951711203,0.1257383966244726,0.46042194092827005,48.0,2.0,0.1481222222222222,185.09722222222223,87.76980300799204,0.07296388888888888
220,https://linktr.ee,0,1339.0,616.0,800.0,450.0,105.92581666666666,94.2683908208057,209.3701638888889,54.71210944902443,0.30209821428571426,170.0,0.075775,355.0,9.86111111111111,153.71267605633804,650.1839278082492,0.3809122395499276,0.22488958932727374,0.3941798456999395,48.0,3.0,0.15157777777777778,194.1834388888889,60.46550922409898,0.075775
221,https://expireddomains.com,0,1339.0,616.0,800.0,450.0,1.530913888888889,11.26858563038199,251.462575,20.253400384803356,0.9473214285714285,32.0,0.02158611111111111,105.0,2.9166666666666665,45.78095238095238,190.28654988138192,0.46963394342762066,0.331738768718802,0.19841930116472545,3.0,0.0,0.013352777777777778,250.95433888888888,22.19045749757812,0.02158611111111111
222,https://mp.weixin.qq.com,0,1339.0,616.0,800.0,450.0,65.70855277777778,82.59441345222241,172.49643333333333,98.98965579264107,0.5466964285714285,78.0,0.03112777777777778,141.0,3.9166666666666665,284.02127659574467,2138.941434574639,0.4800739113064323,0.28620655213743507,0.23369456652017578,9.0,1.0,0.11124166666666667,161.04917777777777,110.68760574192353,0.03112777777777778
223,https://washingtonpost.com,0,1339.0,616.0,800.0,450.0,0.5121722222222223,5.519451628690176,254.10111944444444,9.56136118111501,0.9839285714285714,16.0,0.008533333333333334,48.0,1.3333333333333333,24.541666666666668,17.662293090712264,0.1297709923664122,0.8693808312128923,0.0,0.0,0.0,0.0032722222222222224,253.9032611111111,10.906276858796035,0.008533333333333334
224,https://stanford.edu,0,1339.0,616.0,800.0,450.0,111.05000277777778,73.82759076426338,100.95926388888888,64.12320328011215,0.17526785714285714,91.0,0.07937777777777778,294.0,8.166666666666666,298.2551020408163,1174.7848664934345,0.41259921540005473,0.4454885503147523,0.14190083021622116,67.0,6.0,0.243575,83.08469444444444,56.85585022342784,0.07937777777777778
225,https://pubmed.ncbi.nlm.nih.gov,0,1339.0,616.0,800.0,450.0,0.07852222222222222,2.5824989694642557,254.9118,3.3443283138937034,0.9985714285714286,10.0,0.0007333333333333333,5.0,0.1388888888888889,17.2,2.993325909419153,0.9885057471264368,0.0,0.0,0.0,0.0,0.00023888888888888888,254.8852777777778,3.970533819491834,0.0007333333333333333
226,https://wpa.qq.com,0,1339.0,616.0,800.0,450.0,0.45916944444444446,8.913505644006339,254.14976666666666,11.979219875870239,0.9936160714285714,30.0,0.006830555555555556,16.0,0.4444444444444444,66.5625,41.641278723761594,0.99906191369606,0.0,0.0,1.0,0.0,0.002958333333333333,254.06219166666668,12.784585835074017,0.006830555555555556
227,https://bloomberg.com,0,1339.0,616.0,800.0,450.0,3.3809722222222223,20.099072094372517,219.45710833333334,74.7897088083532,0.8348660714285714,40.0,0.03689166666666667,191.0,5.305555555555555,110.74869109947645,963.3558924858934,0.7525763448993098,0.1296681478680155,0.1177082348492011,4.0,2.0,0.058758333333333336,218.5,75.60272290804816,0.03689166666666667
228,https://outlook.com,0,1339.0,616.0,800.0,450.0,31.95003611111111,39.33455048609479,225.98378055555557,36.21512591808781,0.3453125,118.0,0.06105833333333333,331.0,9.194444444444445,76.83685800604229,227.67793539749306,0.18117480537862704,0.47947629157820243,0.33930958559408664,38.0,2.0,0.07064722222222222,211.47300833333333,43.372673735953676,0.06105833333333333
229,https://plesk.com,0,1339.0,616.0,800.0,450.0,27.547947222222223,41.74080212663613,234.6790777777778,45.418726901705725,0.6131696428571428,129.0,0.06522777777777777,271.0,7.527777777777778,131.51291512915128,611.1730711475515,0.3268987963300693,0.49459891697763814,0.17847422911815045,23.0,1.0,0.099,223.82937222222222,51.57353393774871,0.06522777777777777
230,https://workspaceupdates.googleblog.com,0,1339.0,616.0,800.0,450.0,6.5072777777777775,27.377334042162932,238.1765472222222,43.525613984698616,0.8034821428571428,86.0,0.05223055555555556,305.0,8.472222222222221,93.98032786885246,1171.3469028541979,0.7776033490319204,0.09513343799058084,0.12722832722832722,8.0,1.0,0.07962222222222222,235.09600277777778,47.13187942854239,0.05223055555555556
231,https://wsj.com,0,1339.0,616.0,800.0,450.0,1.1485583333333333,9.015010006738606,252.18938333333332,17.770743608456566,0.9597767857142857,20.0,0.017791666666666667,112.0,3.111111111111111,42.535714285714285,155.92431363207172,0.27681007345225606,0.17901364113326337,0.5439664218258132,1.0,0.0,0.013233333333333333,251.79602222222223,19.459728037369768,0.017791666666666667
232,https://cookiedatabase.org,0,1339.0,616.0,800.0,450.0,5.433230555555555,28.310532544485973,249.26656666666668,22.384001429369146,0.8958035714285715,37.0,0.045552777777777775,280.0,7.777777777777778,41.989285714285714,180.8981853326137,0.19152917162782787,0.1319952372852526,0.6763905426092873,10.0,1.0,0.03265833333333333,246.9858111111111,28.86539688908367,0.045552777777777775
233,https://msn.com,0,1339.0,616.0,800.0,450.0,10.263555555555556,31.649247834176652,169.5436388888889,61.71010678147227,0.5814285714285714,41.0,0.05667777777777778,430.0,11.944444444444445,57.85116279069767,583.9550246985985,0.1636451340595731,0.4193431683884713,0.41697149977891224,9.0,1.0,0.0691,165.79630277777778,64.06096266836155,0.05667777777777778
234,https://statista.com,0,1339.0,616.0,800.0,450.0,147.0542027777778,121.3041353529448,115.42906666666667,111.30436258104773,0.524375,35.0,0.056841666666666665,195.0,5.416666666666667,187.81025641025641,1227.2444513969292,0.3770478374836173,0.21100917431192662,0.4119156837046745,11.0,2.0,0.10173055555555556,105.63986944444444,115.68028093694109,0.056841666666666665
235,https://discord.gg,0,1339.0,616.0,800.0,450.0,148.82675555555556,97.15735663074403,105.567325,83.65808930541785,0.20401785714285714,165.0,0.06468611111111111,217.0,6.027777777777778,319.9585253456221,1538.6219290898482,0.2988103468141491,0.3865220647540039,0.31465318585090446,38.0,3.0,0.1928638888888889,70.71496388888889,89.29019425741255,0.06468611111111111
236,https://businessinsider.com,0,1339.0,616.0,800.0,450.0,4.381725,19.144990058960815,190.38078333333334,54.16495713864116,0.55125,48.0,0.04743055555555555,350.0,9.722222222222221,88.53142857142858,554.9485359775928,0.0011295059218381902,0.423790621873689,0.575047600606706,14.0,2.0,0.08607222222222222,188.9514472222222,54.5108197299194,0.04743055555555555
237,https://www.gov.uk,0,1339.0,616.0,800.0,450.0,101.34955,102.60389224433152,217.50937222222223,38.042094388910606,0.48495535714285715,57.0,0.04339166666666667,127.0,3.5277777777777777,421.23622047244095,2909.8571641669,0.039814572507383454,0.34952708512467756,0.6106396500803768,5.0,2.0,0.14860277777777778,176.36306944444445,75.52031919380417,0.04339166666666667
238,https://beian.gov.cn,0,0.0,0.0,0.0,0.0,0.0,0.0,0.0,0.0,0.0,0.0,0.0,0.0,0.0,0.0,0.0,0.0,0.0,0.0,0.0,0.0,0.0,0.0,0.0,0.0
239,https://nasa.gov,0,1339.0,616.0,800.0,450.0,45.75317777777778,86.23078121408047,72.42095,71.14178445570468,0.36348214285714286,85.0,0.10190555555555555,460.0,12.777777777777779,180.0,1274.3110517145094,0.22967113923744883,0.4539196386517071,0.3163971449620174,61.0,5.0,0.23,67.434575,69.05327104338792,0.10190555555555555
240,https://g.page,0,1339.0,616.0,800.0,450.0,1.4554194444444444,15.787793854629877,251.23883333333333,18.61528919926366,0.9398660714285715,27.0,0.028497222222222222,244.0,6.777777777777778,29.692622950819672,103.32956876734133,0.2924372067347502,0.2760143527463428,0.4314104333425338,2.0,0.0,0.020125,250.43276111111112,21.67789160613588,0.028497222222222222
241,https://unsplash.com,0,1339.0,616.0,800.0,450.0,0.950175,9.12182810761804,252.74107222222221,19.57709590781208,0.9729910714285714,39.0,0.012088888888888889,78.0,2.1666666666666665,35.8974358974359,97.26445443217928,0.23348803998571938,0.6019278828989647,0.16422706176365584,3.0,0.0,0.0077777777777777776,252.426125,20.810127829068065,0.012088888888888889
242,https://example.com,0,1339.0,616.0,800.0,450.0,0.6326944444444444,6.7512087778553695,237.22003055555555,9.287358217799769,0.9830803571428571,24.0,0.007408333333333334,47.0,1.3055555555555556,22.25531914893617,17.415410252412837,0.9990448901623686,0.0,0.0,0.0,0.0,0.0029055555555555558,237.00356666666667,10.81532649894995,0.007408333333333334
243,https://list-manage.com,0,0.0,0.0,0.0,0.0,0.0,0.0,0.0,0.0,0.0,0.0,0.0,0.0,0.0,0.0,0.0,0.0,0.0,0.0,0.0,0.0,0.0,0.0,0.0,0.0
244,https://telegram.me,0,1339.0,616.0,800.0,450.0,12.76463611111111,40.225584947833426,247.30605833333334,29.731933972431758,0.8532589285714286,147.0,0.041166666666666664,178.0,4.944444444444445,125.21910112359551,552.1810099279354,0.24710632570659488,0.17895917451772095,0.5738896366083446,7.0,2.0,0.061913888888888886,242.00595555555554,38.27651750498125,0.041166666666666664
245,https://cloudfront.net,0,0.0,0.0,0.0,0.0,0.0,0.0,0.0,0.0,0.0,0.0,0.0,0.0,0.0,0.0,0.0,0.0,0.0,0.0,0.0,0.0,0.0,0.0,0.0,0.0
246,https://discord.com,0,1339.0,616.0,800.0,450.0,148.82823611111112,97.15599346726336,105.56950277777777,83.65756960787957,0.20401785714285714,166.0,0.06459166666666667,217.0,6.027777777777778,320.05069124423966,1539.354922711315,0.29876749409664227,0.38651154754362727,0.31470655992628,38.0,3.0,0.19291944444444445,70.71621111111111,89.29011661420124,0.06459166666666667
247,https://calendly.com,0,1339.0,616.0,800.0,450.0,46.603008333333335,83.31396791891727,225.17316944444445,64.75358174228374,0.7014285714285714,66.0,0.049125,188.0,5.222222222222222,282.0744680851064,2442.9418859817956,0.13652391997133753,0.283305990835549,0.5801512322980898,25.0,2.0,0.14730555555555555,209.90341666666666,78.78165063779306,0.049125
248,https://amzn.to,0,1339.0,616.0,800.0,450.0,89.49979444444445,85.9201234025726,192.92801111111112,74.6973512161642,0.26982142857142855,290.0,0.09042222222222222,316.0,8.777777777777779,300.496835443038,1496.311840295233,0.38927736472966995,0.24110659449440805,0.36960550980433454,80.0,7.0,0.26376944444444445,172.426575,81.83726146643062,0.09042222222222222
249,https://mysql.com,0,1339.0,616.0,800.0,450.0,10.636877777777778,39.0680270386946,177.38170555555556,56.385950286908766,0.4804017857142857,48.0,0.04996944444444444,243.0,6.75,167.94650205761317,1533.841032835671,0.387165539547192,0.3755513084386945,0.2372586494168382,16.0,1.0,0.11336388888888889,175.0681138888889,59.146349346799894,0.04996944444444444
250,https://eventbrite.com,0,1339.0,616.0,800.0,450.0,47.215336111111114,67.83236014718219,198.83972777777777,75.56811979586001,0.4802232142857143,239.0,0.10362222222222223,325.0,9.027777777777779,275.54153846153844,1975.8131620554304,0.36823298195461857,0.4642554046810792,0.1675004466678578,49.0,5.0,0.24875277777777777,179.0186611111111,85.26534199900553,0.10362222222222223
251,https://ietf.org,0,1339.0,616.0,800.0,450.0,33.46868055555556,39.14265394657456,161.443125,81.04291047005037,0.39767857142857144,57.0,0.07408611111111112,390.0,10.833333333333334,134.47948717948717,1130.0305729196314,0.317056894447834,0.4665382855399634,0.21638575350823672,33.0,3.0,0.1456861111111111,153.88984166666665,84.88636237888497,0.07408611111111112
252,https://wired.com,0,1339.0,616.0,800.0,450.0,9.336358333333333,31.901190229701417,196.59490277777778,49.869408225846264,0.5560267857142858,72.0,0.07601666666666666,424.0,11.777777777777779,76.03537735849056,392.33724683985395,0.25992555831265507,0.2156017369727047,0.5244416873449131,26.0,1.0,0.08955277777777777,194.13477777777777,51.429563228161946,0.07601666666666666
253,https://podcasts.apple.com,0,1339.0,616.0,800.0,450.0,40.59513888888889,72.00360765446747,173.23500555555555,92.91692200353538,0.5188392857142857,121.0,0.04826944444444444,194.0,5.388888888888889,310.680412371134,1388.8356878935826,0.05120037164236059,0.47581835979626036,0.4729646773845669,34.0,4.0,0.16742222222222222,165.9233638888889,97.91622083141523,0.04826944444444444
254,https://cnbc.com,0,1339.0,616.0,800.0,450.0,31.611666666666668,82.1733325389421,214.852625,75.6413492156567,0.7404910714285714,31.0,0.07361666666666666,690.0,19.166666666666668,58.45217391304348,733.5363588409583,0.665980710584385,0.23928296928073786,0.09471152654154166,8.0,1.0,0.11203333333333333,210.6358,84.56045347379194,0.07361666666666666
255,https://myshopify.com,0,1339.0,616.0,800.0,450.0,11.313480555555556,13.080321073495597,245.62066666666666,36.41279019184818,0.9364732142857143,29.0,0.021716666666666665,84.0,2.3333333333333335,113.26190476190476,452.6427193779832,0.083867577509196,0.6674724119810825,0.24855491329479767,12.0,0.0,0.02642777777777778,241.54804444444446,36.65158474000245,0.021716666666666665
256,https://addtoany.com,0,1339.0,616.0,800.0,450.0,8.069419444444444,40.04541859420598,247.8084111111111,22.69060498992403,0.9398214285714286,42.0,0.020519444444444444,53.0,1.4722222222222223,305.8490566037736,772.2866902472632,0.2350255999013016,0.38541730923447043,0.37949540435506757,19.0,0.0,0.04502777777777778,242.788275,33.83570226143348,0.020519444444444444
257,https://mail.google.com,0,1339.0,616.0,800.0,450.0,2.430458333333333,18.648249919703147,252.98184722222223,13.235449491968026,0.9533928571428572,35.0,0.018994444444444446,94.0,2.611111111111111,65.22340425531915,245.51865008049228,0.27217873450750163,0.2756033920417482,0.4520547945205479,2.0,0.0,0.017030555555555556,251.68331111111112,18.640358763026022,0.018994444444444446
258,https://canva.com,0,1339.0,616.0,800.0,450.0,1.0094055555555554,10.380881753491323,253.9585111111111,9.184134617485679,0.9791964285714285,48.0,0.01113611111111111,70.0,1.9444444444444444,30.085714285714285,22.52664635311629,0.21167536782154722,0.5439012814428097,0.2439487422876127,1.0,0.0,0.00585,253.4817138888889,11.887915855856239,0.01113611111111111
259,https://time.com,0,1339.0,616.0,800.0,450.0,18.884622222222223,29.06315736024173,232.92135833333333,40.64330266599129,0.44745535714285717,87.0,0.06076111111111111,418.0,11.61111111111111,62.344497607655505,372.37972077036574,0.14903495644833276,0.22865584590000385,0.6222708261386747,20.0,2.0,0.07238888888888889,225.30854166666666,45.81113807235502,0.06076111111111111
260,https://twitch.tv,0,1339.0,616.0,800.0,450.0,92.26085277777777,97.15132779298202,182.8348611111111,65.0987477796671,0.3575892857142857,190.0,0.09638055555555555,247.0,6.861111111111111,385.2429149797571,2901.6391454600275,0.4697023834545378,0.21493127075539115,0.31535583673126233,42.0,3.0,0.26431944444444444,146.20885833333332,90.49474081021341,0.09638055555555555
261,https://slideshare.net,0,1339.0,616.0,800.0,450.0,34.174638888888886,50.623519634132265,225.3933111111111,61.160031935651226,0.5405803571428571,89.0,0.064875,377.0,10.472222222222221,103.64456233421751,876.8277286368774,0.6298400511836212,0.26042226487523995,0.10971209213051823,22.0,1.0,0.1085388888888889,210.54600555555555,69.09614059120791,0.064875
262,https://behance.net,0,1339.0,616.0,800.0,450.0,65.855875,97.42151597674199,194.381075,83.64448066509388,0.46834821428571427,193.0,0.0707,267.0,7.416666666666667,339.94756554307116,1234.1841795335604,0.25361640243700906,0.44003878061409984,0.3063337997289764,42.0,5.0,0.2521277777777778,171.776775,94.58655862952808,0.0707
263,https://googleusercontent.com,0,1339.0,616.0,800.0,450.0,1.4349305555555556,12.786967296199146,254.5124111111111,5.692295120783779,0.9767410714285715,29.0,0.011936111111111111,53.0,1.4722222222222223,33.301886792452834,44.693330263305725,0.5419026047565119,0.4575311438278596,0.0,5.0,0.0,0.004902777777777778,253.78007222222223,10.419498206903855,0.011936111111111111
264,https://go.com,0,1339.0,616.0,800.0,450.0,52.043927777777775,100.35195130868881,215.25971388888888,74.65366703299777,0.7480357142857142,47.0,0.025872222222222224,147.0,4.083333333333333,155.52380952380952,937.9456951146622,0.39727944714166996,0.30280365656300573,0.2998731575033898,16.0,2.0,0.06350555555555555,204.39945,94.1735853548456,0.025872222222222224
265,https://etsy.com,0,1339.0,616.0,800.0,450.0,1.272213888888889,14.458313338653864,252.9273,11.938692615888337,0.9747767857142857,27.0,0.009266666666666666,46.0,1.2777777777777777,84.3695652173913,232.51183781884723,0.500772797527048,0.21303451828954148,0.28593508500772796,5.0,0.0,0.010780555555555555,252.41165555555557,14.417711743747772,0.009266666666666666
266,https://npr.org,0,1339.0,616.0,800.0,450.0,17.97800833333333,44.641206515330374,163.5576,78.24381895371813,0.34910714285714284,42.0,0.08534722222222223,637.0,17.694444444444443,89.61852433281005,875.3829306072003,0.4016956278026906,0.21694576793721973,0.3813410874439462,21.0,3.0,0.158575,160.08498055555555,81.21185133802591,0.08534722222222223
267,https://gitlab.com,0,1339.0,616.0,800.0,450.0,64.15425,52.93271343301743,95.92386944444445,75.66339538614912,0.20566964285714287,35.0,0.04631388888888889,169.0,4.694444444444445,371.2544378698225,2982.977060314404,0.4225491289865005,0.3058030377890761,0.27163189519149544,10.0,2.0,0.17428333333333335,86.89009722222222,81.04234216850605,0.04631388888888889
268,https://wp.com,0,1339.0,616.0,800.0,450.0,121.35469722222223,91.20572492626212,234.2731861111111,25.462909297726597,0.5494196428571428,58.0,0.05859166666666667,249.0,6.916666666666667,291.44176706827307,2882.187481817216,0.19583850075788894,0.449676174727849,0.3544715447154472,13.0,1.0,0.20158055555555557,148.94514444444445,73.0648698971691,0.05859166666666667
269,https://ebay.com,0,1339.0,616.0,800.0,450.0,147.18076666666667,107.36992572964742,210.71515555555555,58.645373856371485,0.27633928571428573,113.0,0.07364166666666666,186.0,5.166666666666667,449.4301075268817,2645.066029209571,0.14650397751061667,0.24927328189485018,0.6042107781565883,21.0,4.0,0.23220555555555555,150.87615555555556,73.78159712058753,0.07364166666666666
270,https://line.me,0,1339.0,616.0,800.0,450.0,61.239022222222225,71.22348860796133,172.26393333333334,43.686006534968755,0.1902232142857143,79.0,0.042125,132.0,3.6666666666666665,492.93939393939394,2040.982197291353,0.2581720942384238,0.518941431403587,0.22287110605664756,42.0,6.0,0.18074444444444446,157.55638611111112,53.64604964793489,0.042125
271,https://commons.wikimedia.org,0,1339.0,616.0,800.0,450.0,18.066566666666667,40.164191030084396,237.23085,44.168495338869334,0.7353571428571428,96.0,0.07274166666666666,376.0,10.444444444444445,65.46010638297872,259.6575353086097,0.10680913301373202,0.4018851060372146,0.49126513366376856,22.0,1.0,0.06836944444444444,231.71401666666668,48.91463757494899,0.07274166666666666
272,https://hp.com,0,1339.0,616.0,800.0,450.0,22.433269444444445,47.05866442041205,125.86846111111112,91.78760290758612,0.2575892857142857,56.0,0.07036388888888889,395.0,10.972222222222221,154.61772151898734,1781.1469148681065,0.23795333606221858,0.34418338108882524,0.41784690953745396,27.0,1.0,0.16965,120.86995833333333,92.94554126983557,0.07036388888888889
273,https://openai.com,0,1339.0,616.0,800.0,450.0,0.16704444444444444,4.617741937140349,254.61811111111112,5.085740936829485,0.9948660714285714,21.0,0.002488888888888889,17.0,0.4722222222222222,30.235294117647058,29.274621435769454,0.0,0.9980582524271845,0.0,0.0,0.0,0.0014277777777777778,254.54808333333332,5.862399413375419,0.002488888888888889
274,https://sharepoint.com,0,1339.0,616.0,800.0,450.0,34.010647222222225,62.80281580269925,204.65802222222223,66.6463792138074,0.5148214285714285,120.0,0.07393055555555555,430.0,11.944444444444445,140.75581395348837,1080.4700412971274,0.10253444800581568,0.4783894524667085,0.4190595777021445,38.0,3.0,0.168125,197.84118055555555,72.07608145599158,0.07393055555555555
275,https://dailymail.co.uk,0,1339.0,616.0,800.0,450.0,214.2101861111111,83.25883978505976,188.40104444444444,25.789108963501587,0.6489285714285714,77.0,0.08871111111111112,80.0,2.2222222222222223,1321.175,5687.487722569166,0.2813661951842566,0.46147878329154646,0.25714556033871044,15.0,5.0,0.29359444444444444,95.33557777777777,58.42983469084526,0.08871111111111112
276,https://oup.com,0,1339.0,616.0,800.0,450.0,0.42695,8.756598929299608,254.37105833333334,11.439317998413166,0.9942410714285714,30.0,0.00215,16.0,0.4444444444444444,66.5625,41.641278723761594,0.99906191369606,0.0,0.0,1.0,0.0,0.002958333333333333,254.29470555555557,12.20002521727687,0.00215
277,https://stackoverflow.com,0,1339.0,616.0,800.0,450.0,1.4423277777777779,10.840898718551664,251.63377222222223,19.72610719307187,0.9498214285714286,33.0,0.02048611111111111,111.0,3.0833333333333335,41.36036036036036,185.2574927199414,0.427918118466899,0.3558362369337979,0.21602787456445993,1.0,0.0,0.012752777777777778,251.148775,21.567624576857412,0.02048611111111111
278,https://usatoday.com,0,1339.0,616.0,800.0,450.0,10.64216388888889,43.207078322960854,171.713275,98.75433744284032,0.5247321428571429,101.0,0.06003055555555555,127.0,3.5277777777777777,616.4645669291339,6015.814326633096,0.2875389567261023,0.41503601900577325,0.29741225157104173,7.0,1.0,0.217475,167.16884444444443,99.13379305205116,0.06003055555555555
279,https://aboutads.info,0,1339.0,616.0,800.0,450.0,13.521775,39.27391088049897,242.64430555555555,33.595865954607696,0.7867857142857143,80.0,0.06535,233.0,6.472222222222222,86.72532188841201,199.47463638397414,0.3475356294536817,0.3161124307205067,0.33630245447347584,49.0,1.0,0.05613055555555556,237.85841944444445,40.81876109981863,0.06535
280,https://telegraph.co.uk,0,1339.0,616.0,800.0,450.0,1.395975,12.598524866006125,253.34236944444444,15.784381427613816,0.9738839285714286,31.0,0.011722222222222222,47.0,1.3055555555555556,29.617021276595743,30.645226757883524,0.9992821249102656,0.0,0.0,1.0,0.0,0.0038666666666666667,252.93779444444445,17.94019191715669,0.011722222222222222
281,https://uk.com,0,1339.0,616.0,800.0,450.0,14.546883333333334,54.1523801339819,245.32631944444444,34.762455426607076,0.8976339285714285,55.0,0.030144444444444446,90.0,2.5,286.8666666666667,965.5498053786075,0.44715132266935204,0.33734846430922966,0.21546148185444827,41.0,1.0,0.07171666666666666,239.60771666666668,51.20986289994178,0.030144444444444446
282,https://ft.com,0,1339.0,616.0,800.0,450.0,27.589144444444443,39.29735116803141,197.04254722222223,60.55600702619109,0.4125446428571429,81.0,0.07153055555555556,517.0,14.36111111111111,88.67698259187621,553.7116523236094,0.3803738521604467,0.19872619800641264,0.4208781381551683,14.0,3.0,0.12735,189.807875,64.80684713212483,0.07153055555555556
283,https://cnet.com,0,1339.0,616.0,800.0,450.0,50.58207222222222,54.69338775528847,102.75708055555556,102.21262625108268,0.46950892857142856,23.0,0.04631111111111111,375.0,10.416666666666666,130.81333333333333,1128.4976880003885,0.23479288975864318,0.4087369536855838,0.3564497716894977,20.0,2.0,0.13626388888888888,95.16625,103.79898120803686,0.04631111111111111
284,https://berkeley.edu,0,1339.0,616.0,800.0,450.0,49.34068611111111,62.58342611778586,136.0751527777778,62.74266853456084,0.12321428571428572,64.0,0.1246,853.0,23.694444444444443,109.33997655334115,620.6806680446938,0.29251190118797443,0.3381652871295621,0.3693120898914955,123.0,3.0,0.259075,122.04618888888889,68.66850628545397,0.1246
285,https://stripe.com,0,1339.0,616.0,800.0,450.0,73.14188888888889,71.56731086333951,232.6413472222222,39.25820139178979,0.38008928571428574,145.0,0.053997222222222224,237.0,6.583333333333333,209.08860759493672,443.95020598895917,0.28687317122389266,0.4649581273332661,0.2481485218444153,69.0,4.0,0.13765,193.96576666666667,61.98976179150697,0.053997222222222224
286,https://loc.gov,0,1339.0,616.0,800.0,450.0,52.03253333333333,54.22487505670765,52.26235277777778,30.822399528373175,0.2459375,26.0,0.03600833333333334,268.0,7.444444444444445,143.57089552238807,513.9419418579209,0.39723998128800875,0.3140495867768595,0.28868444305837104,43.0,2.0,0.10688055555555556,47.518436111111114,31.322623419624108,0.03600833333333334
287,https://tandfonline.com,0,1339.0,616.0,800.0,450.0,1.4017,10.746136690767838,251.72724722222222,19.348716088039225,0.95125,30.0,0.019947222222222224,90.0,2.5,48.577777777777776,204.99338622273092,0.42899611250857533,0.37045506517265037,0.20032014635261833,1.0,0.0,0.012144444444444444,251.25787777777776,21.198397584790204,0.019947222222222224
288,https://validator.w3.org,0,1339.0,616.0,800.0,450.0,30.24157222222222,60.45655624381404,228.67359166666665,38.256840119555925,0.7496428571428572,41.0,0.054469444444444445,285.0,7.916666666666667,120.55087719298245,1434.3532297737504,0.7635194132370918,0.03713836661039641,0.19931311484952557,3.0,1.0,0.09543611111111111,216.69476111111112,59.22463931036585,0.054469444444444445
289,https://hubspot.com,0,1339.0,616.0,800.0,450.0,66.56430555555555,59.72235895575433,86.93634166666666,69.7577036395339,0.26767857142857143,78.0,0.07029722222222222,168.0,4.666666666666667,681.9702380952381,3550.8998531317907,0.3345581817547045,0.3793684320776455,0.2860646580316308,60.0,6.0,0.3182527777777778,75.68656388888888,65.78813135550132,0.07029722222222222
290,https://gnu.org,0,1339.0,616.0,800.0,450.0,5.111797222222222,26.172833853762548,253.99114722222222,9.245093110852137,0.9314285714285714,35.0,0.029952777777777776,193.0,5.361111111111111,26.145077720207254,30.136127925483557,0.6419655240737071,0.2183475331880325,0.1394888052308302,2.0,0.0,0.014016666666666667,250.13298055555555,24.3526550470069,0.029952777777777776
291,https://g.co,0,1339.0,616.0,800.0,450.0,1.0328027777777777,10.51579653452595,252.57488055555555,8.639145637552605,0.9798214285714286,36.0,0.010572222222222222,117.0,3.25,24.05128205128205,31.425082843004216,0.8134991119005328,0.18614564831261102,0.0,1.0,0.0,0.007816666666666666,252.1162111111111,11.430926883770137,0.010572222222222222
292,https://aol.com,0,1339.0,616.0,800.0,450.0,4.301491666666666,19.98902740665037,180.27526111111112,71.30561582363185,0.4351339285714286,42.0,0.04470277777777778,366.0,10.166666666666666,79.95901639344262,998.2102979166224,0.33550878152121916,0.2955306499009089,0.3689263992346067,3.0,1.0,0.08129166666666666,179.57669444444446,71.85712673358597,0.04470277777777778
293,https://blogger.com,0,1339.0,616.0,800.0,450.0,137.85452777777778,40.44991421566657,177.47214444444444,32.63635884274575,0.6721875,65.0,0.03699722222222222,130.0,3.611111111111111,341.7230769230769,888.9383297410682,0.2997186268992684,0.21120990433314576,0.48904895891952727,42.0,4.0,0.1234,128.9694027777778,37.255358450220776,0.03699722222222222
294,https://gc.ca,0,0.0,0.0,0.0,0.0,0.0,0.0,0.0,0.0,0.0,0.0,0.0,0.0,0.0,0.0,0.0,0.0,0.0,0.0,0.0,0.0,0.0,0.0,0.0,0.0
295,https://arxiv.org,0,1339.0,616.0,800.0,450.0,44.02073055555555,81.57528847444247,214.5587,70.50723575065817,0.5905357142857143,61.0,0.07800277777777778,378.0,10.5,101.97089947089947,1481.3134425320575,0.8405022570435324,0.04438852280392259,0.11508327712343694,4.0,1.0,0.10706944444444444,191.77633333333333,88.15057916177044,0.07800277777777778
296,https://ted.com,0,1339.0,616.0,800.0,450.0,26.651025,64.22749677084866,237.282425,39.667725966352,0.7262946428571428,111.0,0.0711138888888889,406.0,11.277777777777779,82.98522167487685,458.4843898566147,0.3561273855103434,0.3384679310242484,0.30537500370996945,16.0,2.0,0.09358888888888889,225.00269722222222,58.33898464008525,0.0711138888888889
297,https://outlook.live.com,0,1339.0,616.0,800.0,450.0,29.13871388888889,41.36189698679109,227.1834111111111,36.90981846681463,0.4211607142857143,121.0,0.07354166666666667,409.0,11.36111111111111,65.32029339853301,204.15723985627594,0.113410936856683,0.4156529550473481,0.4708986787438709,40.0,2.0,0.07421111111111112,214.22503055555555,44.64536640912046,0.07354166666666667
298,https://britannica.com,0,1339.0,616.0,800.0,450.0,36.409102777777775,73.60501835190233,200.01110833333334,79.55001485050799,0.6149553571428571,53.0,0.031077777777777777,239.0,6.638888888888889,199.7489539748954,1392.7690833022793,0.5344672294254414,0.2739783414675017,0.19153348275067553,29.0,1.0,0.13261111111111112,194.5846222222222,86.91459361651502,0.031077777777777777
299,https://fr.wikipedia.org,0,1339.0,616.0,800.0,450.0,7.8872277777777775,22.14234754148975,245.745025,27.254717460661485,0.8508928571428571,44.0,0.07525,348.0,9.666666666666666,35.15229885057471,63.714271668563526,0.22404773581821155,0.3981526892267451,0.37771783554029753,19.0,0.0,0.033980555555555556,242.1956638888889,32.9544125620417,0.07525
